1,ปลากด,ปลากดขาว,Hemibagrus sp.,5 เซนติเมตร,23 เซนติเมตร,1 กิโลกรัม,แมลงเม่า ปลาที่มีขนาดเล็ก ไส้เดือน,คก วัง ริมฝั่งโขง ห้วยสาขา,พบทุกฤดูกาล,ปักเบ็ด มอง,กิโลกรัมละ 120 บาท
2,ปลากดดำ,"ปลากดหม้อ,กอโทน",Hemibagrus wyckii,,,500 กรัม - 3 กิโลกรัม,แมลงเม่า ปลาที่มีขนาดเล็ก ไส้เดือน,คก วัง ริมฝั่งโขง ห้วยสาขา,พบทุกฤดูกาล,ปักเบ็ด มอง,กิโลกรัมละ 120 บาท หากตัวใหญ่แบ่งขายขีดละ 12 บาท
3,ปลากดเหลือง,ปลากดเหลือง,Hemibagrus filamentus,5 เซนติเมตร,30 เซนติเมตร,2 กิโลกรัม,แมลงเม่า ปลาที่มีขนาดเล็ก ไส้เดือน,คก วัง ริมฝั่งโขง ห้วยสาขา,พบทุกฤดูกาล,ปักเบ็ด มอง,กิโลกรัมละ 120 บาท
4,ปลากด,ปลากดนา,Hemibagrus nemurus,5 เซนติเมตร,30 เซนติเมตร,2 กิโลกรัม,แมลงเม่า ปลาที่มีขนาดเล็ก ไส้เดือน,คก วัง ริมฝั่งโขง ห้วยสาขา,พบทุกฤดูกาล,ปักเบ็ด มอง,กิโลกรัมละ 120 บาท
5,ปลาแค้ควาย,"ปลาแข้ควาย,แข้ดำ",Bagarius yarrelli,20 เซนติเมตร,75 เซนติเมตร,2.9 กิโลกรัม,ปลาที่มีขนาดเล็ก กุ้ง ,คก วัง หาด,พบช่วงฤดูฝน,มอง ปักเบ็ด,กิโลกรัมละ 120-180 บาท หากตัวใหญ่จะแบ่งขายขีดละ 12-18 บาท
6,ปลาแค้วัว,ปลาแข้เหลือง,Bagarius bagarius, 17.5 เซนติเมตร, 77.5 เซนติเมตร,2.5 กิโลกรัม,ปลาที่มีขนาดเล็ก กุ้ง ,คก วัง หาด,พบช่วงฤดูฝน,มอง ปักเบ็ด,กิโลกรัมละ 120-180 บาท หากตัวใหญ่จะแบ่งขายขีดละ 12-18 บาท
7,ปลาแค้ติดหิน,ปลาแข้ติดหิน,Glyptothorax lampris, 1 เซนติเมตร, 7 เซนติเมตร,,ปลาที่มีขนาดเล็ก กุ้ง ตะไคร่น้ำ,คก วัง หาด,พบช่วงฤดูฝน,สวิง มอง ,กิโลกรัมละ 80-100 บาท
8,ปลาแค้ติดหิน,ปลาแข้ติดหินดำ,Glyptothorax lampris, 2 เซนติเมตร, 8 เซนติเมตร,,ปลาที่มีขนาดเล็ก กุ้ง ตะไคร่น้ำ,คก วัง หาด,พบช่วงฤดูฝน,สวิง มอง ,กิโลกรัมละ 80-100 บาท
9,ปลากดแก้ว,ปลาเคิง,Hemibagrus wyckioides,12 เซนติเมตร, 85 เซนติเมตร,7 กิโลกรัม,ปลาขนาดเล็ก หอย ตะไคร่น้ำ ต้นหญ้าเน่า,คก วัง,พบตลอดทั้งปี,มอง  เบ็ด,กิโลกรัมละ 120-200 บาท หากตัวใหญ่จะแบ่งขายขีดละ 12-20 บาท
10,ปลากดดำ,ปลาเคิงดำ,Hemibagrus sp., 2.5 เซนติเมตร, 19.5  เซนติเมตร,1.5 กิโลกรัม,ปลาขนาดเล็ก กุ้งฝอย ของเน่าเหม็น,คก วัง,พบตลอดทั้งปี,มอง  เบ็ด,กิโลกรัมละ 100-150 บาท
11,ปลาเทพา,ปลาเลิม,Pangasius sanitwongsei,,,111-130 กิโลกรัม,ซากสัตว์ เน่าเหม็น,คก วัง บริเวณน้ำลึก,ช่่วงน้ำขึ้น,มองตาใหญ่,กิโลกรัมละ 180-200 บาท
12,ปลาบึก,ปลาบึก,Pangasianodon gigas,,,200 กิโลกรัม,พืชน้ำ ตะไคร่น้ำ สาหร่าย,คก วัง บริเวณน้ำลึก,ช่่วงน้ำขึ้น,มองตาใหญ่,กิโลกรัมละ 250-300 บาท
13,ปลาดุกด้าน,ปลาดุก,Clarias batrachus, 5 เซนติเมตร, 30 เซนติเมตร,500 กรัม - 2 กิโลกรัม,แมลงเม่า ปลาที่มีขนาดเล็ก ไส้เดือน,คก วัง ริมฝั่งโขง ห้วยสาขา,พบช่วงฤดูฝน,ปักเบ็ด มอง,กิโลกรัมละ 100-120 บาท
14,ปลาคางเบือน,ปลาขบ,Belodontichthys truncatus, 11 เซนติเมตร, 44 เซนติเมตร,500 กรัม (น้ำหนักที่ชาวบ้านพบอยู่ระหว่าง 1-5 กิโลกรัม),ปลาขนาดเล็ก แมลง กุ้งฝอย ไส้เดือน,คก หาด วัง,พบช่วงฤดูฝน,มอง  เบ็ด,กิโลกรัมละ 180-200 บาท
15,ปลาเค้าดำ,"ปลาเค้าดำ,ปลาคูณ",Wallago micropogon, 18 เซนติเมตร, 103 เซนติเมตร,10 กิโลกรัม, กุ้งฝอย ปลาขนาดเล็ก  ไส้เดือน,คก วัง บริเวณน้ำลึก,มิถุนายน-กันยายน (พบไข่ในท้องช่วงเดือนกรกฎาคม),มอง ลอบ  เบ็ด จั่น,กิโลกรัมละ 180-200 บาท
16,เค้าขาว,"เค้าขาว, คูณขาว",Wallago attu, 25 เซนติเมตร, 102 เซนติเมตร,10.4  กิโลกรัม, กุ้งฝอย ปลาขนาดเล็ก  ไส้เดือน,คก วัง บริเวณน้ำลึก,มิถุนายน-กันยายน (พบไข่ในท้องช่วงเดือนกรกฎาคม),มอง ลอบ  เบ็ด จั่น,กิโลกรัมละ 180-200 บาท
17,ปลาสะงั่ว,ปลาสะงั่ว-1,Micronema sp., 17.5 เซนติเมตร, 40 เซนติเมตร,450 กรัม, กุ้งฝอย ปลาขนาดเล็ก  พืชน้ำ,คก วัง และบริเวณทั่วไปของน้ำโขง,พฤษภาคม-ตุลาคม,มอง  เบ็ด,กิโลกรัมละ 150-200 บาท
18,ปลาสะงั่ว,ปลาสะงั่ว-2,Micronema micronema, 17.5 เซนติเมตร, 41 เซนติเมตร,200 กรัม, กุ้งฝอย ปลาขนาดเล็ก  พืชน้ำ,คก วัง และบริเวณทั่วไปของน้ำโขง,พฤษภาคม-ตุลาคม,มอง  เบ็ด,กิโลกรัมละ 150-200 บาท
19,ปลาดังแดง,ปลาดังแดง,Hemisilurus mekongensis, 10  เซนติเมตร, 30 เซนติเมตร,600 กรัม, กุ้งฝอย ปลาขนาดเล็ก  พืชน้ำ,คก วัง และบริเวณทั่วไปของน้ำโขง,พฤษภาคม-ตุลาคม,มอง  เบ็ด,กิโลกรัมละ 150-200 บาท
20,ปลาดังแดง,ปลานาง,Hemisilurus melongensis sp., 15  เซนติเมตร, 50 เซนติเมตร,2  กิโลกรัม, กุ้งฝอย ปลาขนาดเล็ก  พืชน้ำ,คก วัง และบริเวณทั่วไปของน้ำโขง,พฤษภาคม-ตุลาคม,มอง  เบ็ด,กิโลกรัมละ 150-250 บาท
21,ปลาแดง,ปลาเนื้ออ่อน,Micronema bleekeri, 16  เซนติเมตร, 50 เซนติเมตร,2 กิโลกรัม, กุ้งฝอย ปลาขนาดเล็ก  พืชน้ำ,คก วัง และบริเวณทั่วไปของน้ำโขง,พฤษภาคม-ตุลาคม,มอง  เบ็ด,กิโลกรัมละ 150-250 บาท
22,ปลาดังแดง,ปลานาง,Hemisilurus mekongensis, 15  เซนติเมตร, 50 เซนติเมตร,2 กิโลกรัม, กุ้งฝอย ปลาขนาดเล็ก  พืชน้ำ,คก วัง และบริเวณทั่วไปของน้ำโขง,พฤษภาคม-ตุลาคม,มอง  เบ็ด,กิโลกรัมละ 150-250 บาท
23,ปลาน้ำเงิน,ปลาลิ้นปี่,Micronema apogon, 6  เซนติเมตร, 30 เซนติเมตร,400 กรัม, กุ้งฝอย ปลาขนาดเล็ก  พืชน้ำ,คก วัง และบริเวณทั่วไปของน้ำโขง,พฤษภาคม-ตุลาคม,มอง  เบ็ด,กิโลกรัมละ 150-200 บาท
24,ปลาปีกไก่,ปลาปีกไก่,Kryptopterus cheveyt, 6 เซนติเมตร, 30 เซนติเมตร,400 กรัม, กุ้งฝอย ปลาขนาดเล็ก  พืชน้ำ,คก วัง และบริเวณทั่วไปของน้ำโขง,พฤษภาคม-ตุลาคม,มอง  เบ็ด,กิโลกรัมละ 150-200 บาท
25,ปลาขาไก่,ปลาขาไก่,Kryptopterus geminus, 3 เซนติเมตร, 14 เซนติเมตร,200 กรัม, กุ้งฝอย ปลาขนาดเล็ก  พืชน้ำ,คก วัง และบริเวณทั่วไปของน้ำโขง,พฤษภาคม-ตุลาคม,มอง  เบ็ด,กิโลกรัมละ 150-200 บาท
26,ปลาขาไก่,ปลาเซี้ยม,Kryptopterus cheveyt, 3.5 เซนติเมตร, 28 เซนติเมตร,200 กรัม, กุ้งฝอย ปลาขนาดเล็ก  พืชน้ำ,คก วัง และบริเวณทั่วไปของน้ำโขง,พฤษภาคม-ตุลาคม,มอง  เบ็ด,กิโลกรัมละ 150-200 บาท
27,ปลาเนื้ออ่อน,ปลาเนื้ออ่อน,Kryptopterus mekongensis, 13 เซนติเมตร, 35 เซนติเมตร,1.3 กิโลกรัม, กุ้งฝอย ปลาขนาดเล็ก  พืชน้ำ,คก วัง และบริเวณทั่วไปของน้ำโขง,พฤษภาคม-ตุลาคม,มอง  เบ็ด,กิโลกรัมละ 150-200 บาท
28,ปลาสะงั่ว,ปลาสะงั่ว,Micronema micronema, 10 เซนติเมตร,44 เซนติเมตร,900 กรัม, กุ้งฝอย ปลาขนาดเล็ก  พืชน้ำ,คก วัง และบริเวณทั่วไปของน้ำโขง,พฤษภาคม-ตุลาคม,มอง  เบ็ด,กิโลกรัมละ 150-200 บาท
29,ปลาสยุมพร,ปลาเซือม,Ompok krattensis, 4.5เซนติเมตร,20 เซนติเมตร,, กุ้งฝอย ปลาขนาดเล็ก  พืชน้ำ,คก วัง และบริเวณทั่วไปของน้ำโขง,พฤษภาคม-ตุลาคม,มอง  เบ็ด,กิโลกรัมละ 150-200 บาท
30,ปลาสังกะวาดเหลือง,ปลายอนหลังเขียว-1,Pangasius macronema, 8 เซนติเมตร,19 เซนติเมตร,300 กรัม, แมลงเม่า แมลง,ริมฝั่งโขง คก,ช่วงฤดูฝนโดยเฉพาะช่วงน้ำเริ่มขึ้นเดือนพฤษภาคม มักพบกันเป็นฝูง 30-40 ตัว,มอง  ,กิโลกรัมละ 150-200 บาท
31,ปลายอนหนวก,ปลายอนทอง,Pteropangasius micronema, 8.5 เซนติเมตร,23 เซนติเมตร,400 กรัม, แมลงเม่า แมลง,ริมฝั่งโขง คก,ช่วงฤดูฝนโดยเฉพาะช่วงน้ำเริ่มขึ้นเดือนพฤษภาคม มักพบกันเป็นฝูง 30-40 ตัว,มอง  ,กิโลกรัมละ 150-200 บาท
32,ปลาสังกะวาด,ปลายอนหางแดง,Laides sp., 8 เซนติเมตร,21 เซนติเมตร,, กุ้ง ไส้เดือน ไข่ด้วง,น้ำไหลเชี่ยว หาดทรายตื้น ๆ,พฤษภาคม-ตุลาคม,มอง  เบ็ด,กิโลกรัมละ 100-150 บาท
33,ปลาสังกะวาดขาว,ปลายอนขาว,Laides longibarbis, 8.5 เซนติเมตร,23 เซนติเมตร,, กุ้ง ไส้เดือน ไข่ด้วง,น้ำไหลเชี่ยว หาดทรายตื้น ๆ,พฤษภาคม-ตุลาคม,มอง  เบ็ด,กิโลกรัมละ 100-150 บาท
34,ปลาสังกะวาดท้องคม,ปลายอนท้องคม,Pteropangasius pleurotaenia,8.5 เซนติเมตร,23 เซนติเมตร,, กุ้ง ไส้เดือน ไข่ด้วง,น้ำไหลเชี่ยว หาดทรายตื้น ๆ,พฤษภาคม-ตุลาคม,มอง  เบ็ด,กิโลกรัมละ 100-150 บาท
35,ปลาสวายหนู,"ปลาหน้าหนู,ยอนปอน",Helicophagus leptorhynchus,8.5 เซนติเมตร,24 เซนติเมตร,, กุ้ง ไส้เดือน ไข่ด้วง,น้ำไหลเชี่ยว หาดทรายตื้น ๆ,พฤษภาคม-ตุลาคม,มอง  เบ็ด,กิโลกรัมละ 100-150 บาท
36,ปลาสังกะแวง,ปลายอนโล่,Pangasius elongatus,10  เซนติเมตร,25 เซนติเมตร,, กุ้ง ไส้เดือน ไข่ด้วง,น้ำไหลเชี่ยว หาดทรายตื้น ๆ,พฤษภาคม-ตุลาคม,เบ็ด,กิโลกรัมละ 100-150 บาท
37,ปลาสังกะแวง,ปลายอนข้างแดง,Pangasius polyuranodon,9  เซนติเมตร,20 เซนติเมตร,400 กรัม , แมลงเม่า แมลง,ริมฝั่งโขง คก หาด,ช่วงฤดูฝนมักพบกันเป็นฝูง 30-40 ตัว,มอง  เบ็ดเบอร์ 6,กิโลกรัมละ 120 บาท-200
38,ปลาเผาะ,"ปลาออด,ปลาโมง",Pangasius conchophilus,13 เซนติเมตร,29.5  เซนติเมตร,1.3 กิโลกรัม, แมลงเม่า กุ้ง,,ช่วงฤดูฝนมักพบกันเป็นฝูง 30-40 ตัว,มอง  เบ็ด,กิโลกรัมละ 100-150 บาท
39,ปลาเผาะ,ปลาลิง,Pangasius conchophilus,13.5  เซนติเมตร,32 นิ้ว,1  กิโลกรัม, ปลาขนาดเล็ก กุ้งฝอย  แมลง,คก วัง,พฤษภาคม-กันยายน,มอง ลอบ  เบ็ด จั่น,กิโลกรัมละ 100-150 บาท
40,ปลาเทพา,ปลาลิงเผือก,Pangasius sanitwongsei,15  เซนติเมตร,33 นิ้ว,1  กิโลกรัม, ปลาขนาดเล็ก กุ้งฝอย  แมลง,คก ริมฝั่งโขง,พฤษภาคม-สิงหาคม,มอง  เบ็ด,กิโลกรัมละ 100-150 บาท
41,ปลายาง,ปลายาง,Pangasius bocourti.,17  เซนติเมตร,36 นิ้ว,6.5  กิโลกรัม, แมลงเม่า ปลาที่มีขนาดเล็ก พืชน้ำ และพวกซากสัตว์เน่าเหม็น,คก วัง บริเวณน้ำลึก,ช่วงฤดูฝน,มอง  และเบ็ดเบอร์ 18,กิโลกรัมละ 80-120 บาท
42,ปลาสวาย,ปลาสวาย,Pangasianodon hypophthalmus,21 เซนติเมตร,62 เซนติเมตร,5.8  กิโลกรัม, ปลาขนาดเล็ก กุ้งฝอย  แมลง,คก วัง,ช่วงฤดูฝน,มอง ลอบ  เบ็ด จั่น,กิโลกรัมละ 100-120 บาท
43,ปลาเทโพ,"ปลาปึ่ง,ลิงหูหมาด,ลิงแก้มดำ",Pangasius larnaudit,16 เซนติเมตร,54 เซนติเมตร,2.6  กิโลกรัม, ปลาขนาดเล็ก กุ้งฝอย  แมลง,คก ริมฝั่งโขง,พฤษภาคม-สิงหาคม,มอง  เบ็ด,กิโลกรัมละ 100-120 บาท
44,ปลาซวยเสาะ,"ปลาส่วย,ปลาดาบ",Pangasius krempfi,14 เซนติเมตร,32 เซนติเมตร,3  กิโลกรัม,ไส้เดือน แมลง ผลมะเดือ,นำ้แปว คก หาด,ตุลาคม,เบ็ดเผียก มอง,กิโลกรัมละ 70-100 บาท
45,ปลาเผาะหางดอก,"ปลาแก่,หัวม่วม",Pangasius mekongensis,10 เซนติเมตร,40 เซนติเมตร,800 กรัม,ไส้เดือน แมลง ผลมะเดือ,นำ้แปว คก หาด,ตุลาคม,เบ็ดเผียก มอง ลอบ,กิโลกรัมละ 70-100 บาท
46,ปลาหมูข้างลาย,ปลาแข้วไก้-1,Syncrossus helodes,2.3 เซนติเมตร,8.5 เซนติเมตร,10 มิลลิกรัม,ตะไคร่น้ำ ไส้เดือน แมลงขนาดเล็ก,ริมฝั่งโขง หาดในช่วงฤดูแล้ง,กุมภาพันธ์ - เมษายน,มองตาถี่ ไซ ตุ้ม ต่อง,ขายรวมกันหลาย ๆ ตัวกิโลกรัมละ 70-100 บาท
47,ปลาหมู,ปลาแข้วไก้-2,Yasuhikotakia sp.,2.3 เซนติเมตร,8.5 เซนติเมตร,11 มิลลิกรัม,ตะไคร่น้ำ ไส้เดือน แมลงขนาดเล็ก,ริมฝั่งโขง หาดในช่วงฤดูแล้ง,กุมภาพันธ์ - เมษายน,มองตาถี่ ไซ ตุ้ม ต่อง,ขายรวมกันหลาย ๆ ตัวกิโลกรัมละ 70-100 บาท
48,ปลาหมู,ปลาแข้วไก้-3,Yasuhikotakia sp.,2.3 เซนติเมตร,8.5 เซนติเมตร,10 มิลลิกรัม,ตะไคร่น้ำ ไส้เดือน แมลงขนาดเล็ก,ริมฝั่งโขง หาดในช่วงฤดูแล้ง,กุมภาพันธ์ - เมษายน,มองตาถี่ ไซ ตุ้ม ต่อง,ขายรวมกันหลาย ๆ ตัวกิโลกรัมละ 70-100 บาท
49,ปลาหมูสัก,ปลาแข้วไก้-4,Yasuhikotakia lecontei,2  เซนติเมตร,8 เซนติเมตร,10  มิลลิกรัม,ตะไคร่น้ำ ไส้เดือน แมลงขนาดเล็ก,ริมฝั่งโขง หาดในช่วงฤดูแล้ง,กุมภาพันธ์ - เมษายน,มองตาถี่ ไซ ตุ้ม ต่อง,ขายรวมกันหลาย ๆ ตัวกิโลกรัมละ 70-100 บาท
50,ปลาหมู,ปลาแข้วไก้-6,Yasuhikotakia sp.,2  เซนติเมตร,8 เซนติเมตร,10   มิลลิกรัม,ตะไคร่น้ำ ไส้เดือน แมลงขนาดเล็ก,ริมฝั่งโขง หาดในช่วงฤดูแล้ง,กุมภาพันธ์ - เมษายน,มองตาถี่ ไซ ตุ้ม ,ขายรวมกันหลาย ๆ ตัวกิโลกรัมละ 70-100 บาท
51,ปลาหมูหางจุด,ปลาหมูจุด-6,Yasuhikotakia caudipunctatus,2  เซนติเมตร,8 เซนติเมตร,10   มิลลิกรัม,ตะไคร่น้ำ ไส้เดือน แมลงขนาดเล็ก,ริมฝั่งโขง หาดในช่วงฤดูแล้ง,กุมภาพันธ์ - เมษายน,มองตาถี่ ไซ ตุ้ม ต่อง,ขายรวมกันหลาย ๆ ตัวกิโลกรัมละ 70-100 บาท
52,ปลาหมูข้างลาย,ปลาแข้วไก้ข้างลาย-7,Syncrossus helodes,2  เซนติเมตร,8 เซนติเมตร,10   มิลลิกรัม,ตะไคร่น้ำ ไส้เดือน แมลงขนาดเล็ก,ริมฝั่งโขง หาดในช่วงฤดูแล้ง,กุมภาพันธ์ - เมษายน,มองตาถี่ ไซ ตุ้ม ต่อง,ขายรวมกันหลาย ๆ ตัวกิโลกรัมละ 70-100 บาท
53,ปลาหมูข้างลาย,ปลาแข้วไก้-8,Syncrossus helodes,2.2  เซนติเมตร,7.3 เซนติเมตร,10   มิลลิกรัม,ตะไคร่น้ำ ไส้เดือน แมลงขนาดเล็ก,ริมฝั่งโขง หาดในช่วงฤดูแล้ง,กุมภาพันธ์ - เมษายน,มองตาถี่ ไซ ตุ้ม ต่อง,ขายรวมกันหลาย ๆ ตัวกิโลกรัมละ 70-100 บาท
54,ปลาหมูข้างลาย,ปลาแข้วไก้-9,Syncrossus helodes,2  เซนติเมตร,8 เซนติเมตร,10   มิลลิกรัม,ตะไคร่น้ำ ไส้เดือน แมลงขนาดเล็ก,ริมฝั่งโขง หาดในช่วงฤดูแล้ง,กุมภาพันธ์ - เมษายน,มองตาถี่ ไซ ตุ้ม ต่อง,ขายรวมกันหลาย ๆ ตัวกิโลกรัมละ 70-100 บาท
55,ปลาหมูข้างขาว,ปลาหมูหลังเขียว,Yasuhikotakia modesta,2  เซนติเมตร,8 เซนติเมตร,,ตะไคร่น้ำ ไส้เดือน แมลงขนาดเล็ก,ริมฝั่งโขง หาดในช่วงฤดูแล้ง,กุมภาพันธ์ - เมษายน,มองตาถี่ ไซ ตุ้ม ต่อง,ขายรวมกันหลาย ๆ ตัวกิโลกรัมละ 70-100 บาท
56,ปลาหมูหางจุุด,ปลาหมูเทาหางจุด-13,Yasuhikotakia caudipunctatus,2  เซนติเมตร,8 เซนติเมตร,,ตะไคร่น้ำ ไส้เดือน แมลงขนาดเล็ก,ริมฝั่งโขง หาดในช่วงฤดูแล้ง,กุมภาพันธ์ - เมษายน,มองตาถี่ ไซ ตุ้ม ต่อง,ขายรวมกันหลาย ๆ ตัวกิโลกรัมละ 70-100 บาท
57,ปลาหมูหางจุุด,ปลาหมูเขียวหางจุด-14,Yasuhikotakia caudipunctatus,2  เซนติเมตร,8 เซนติเมตร,10   มิลลิกรัม,ตะไคร่น้ำ ไส้เดือน แมลงขนาดเล็ก,ริมฝั่งโขง หาดในช่วงฤดูแล้ง,กุมภาพันธ์ - เมษายน,มองตาถี่ ไซ ตุ้ม ,ขายรวมกันหลาย ๆ ตัวกิโลกรัมละ 70-100 บาท
58,ปลาหมูขาว,ปลาหมูคีบแดง,Yasuhikotakia modesta,2.5 เซนติเมตร,9.5 เซนติเมตร,,ตะไคร่น้ำ ไส้เดือน แมลงขนาดเล็ก,ริมฝั่งโขง หาดในช่วงฤดูแล้ง,กุมภาพันธ์ - เมษายน,มองตาถี่ ไซ ตุ้ม ต่อง,ขายรวมกันหลาย ๆ ตัวกิโลกรัมละ 70-100 บาท
59,ปลาหมูขาว,ปลาหมูมัน,Yasuhikotakia modesta,2  เซนติเมตร,8 เซนติเมตร,,ตะไคร่น้ำ ไส้เดือน แมลงขนาดเล็ก,ริมฝั่งโขง หาดในช่วงฤดูแล้ง,กุมภาพันธ์ - เมษายน,มองตาถี่ ไซ ตุ้ม ต่อง,ขายรวมกันหลาย ๆ ตัวกิโลกรัมละ 70-100 บาท
60,ปลาหมูข้างลาย,ปลาแข้วไก้ลาย,Syncrossus sp.,3.5   เซนติเมตร,14.5 เซนติเมตร,,ตะไคร่น้ำ ไส้เดือน แมลงขนาดเล็ก,ริมฝั่งโขง หาดในช่วงฤดูแล้ง,กุมภาพันธ์ - เมษายน,มองตาถี่ ไซ ตุ้ม ต่อง,ขายรวมกันหลาย ๆ ตัวกิโลกรัมละ 70-100 บาท
61,ปลาค้อ,ปลาพั้น,Schistura sp.,2  เซนติเมตร,12 เซนติเมตร,,ตะไคร่น้ำ พืชน้ำ,บุ่งในช่วงหน้าแล้ง ชองอยู่ใต้ทราย ใต้ก้องหิน,กุมภาพันธ์ - เมษายน,ซ่อน,ขายรวมกันกับปลาขนาดเล็กชนิดอื่นกิโลกรัมละ 100 บาท
62,ปลารากกล้วย,ปลาฮากกล้วย-1,Acantopsis choirorhynchos,1 เซนติเมตร,11  เซนติเมตร,,หอยขนาดเล็ก,หาดช่วงน้ำลด ริมฝั่งโขง คก,ทุกฤดู,สวิง กระชอน ซ่อน  ต่อง,กิโลกรัมละ 180 บาท
63,ปลารากกล้วย,ปลาฮากกล้วย-2,Acantopsis sp.,1 เซนติเมตร,10  เซนติเมตร,,หอยขนาดเล็ก,หาดช่วงน้ำลด ริมฝั่งโขง คก,ทุกฤดู, กระชอน ซ่อน  ต่อง,กิโลกรัมละ 180 บาท
64,ปลารากกล้วย,ปลาฮากกล้วย-3,Acantopsis sp.,1 เซนติเมตร,11  เซนติเมตร,,หอยขนาดเล็ก,หาดช่วงน้ำลด ริมฝั่งโขง คก,ทุกฤดู, กระชอน ซ่อน  ต่อง,กิโลกรัมละ 180 บาท
65,ปลารากกล้วย,ปลาฮากกล้วยจุด-4,Acantopsis sp.,2 เซนติเมตร,10.5  เซนติเมตร,,หอยขนาดเล็ก,หาดช่วงน้ำลด ริมฝั่งโขง คก,ทุกฤดู, กระชอน ซ่อน  ต่อง,กิโลกรัมละ 180 บาท
66,ปลากระทุกเหว,"ปลากะโทง,สะโทง-1",Xenentodon cancilla,1 เซนติเมตร,15  เซนติเมตร,,แมลงขนาดเล็ก สัตว์น้ำขนาดเล็ก,บุ่ง,ทุกฤดู, มอง กะโหล่ ต่อง,ไม่ขาย ไม่นิยมกินกัน เพราะมีกลิ่นคาว
67,ปลากระทุกเหว,"ปลากะโทง,สะโทง-2",Xenentodon cancilla,1 เซนติเมตร,15  เซนติเมตร,,แมลงขนาดเล็ก สัตว์น้ำขนาดเล็ก,บุ่ง,ทุกฤดู, มอง กะโหล่ ต่อง,ไม่ขาย ไม่นิยมกินกัน เพราะมีกลิ่นคาว
68,ปลากระทุกเหว,"ปลากะโทง,สะโทง-3",Strongylura strongylura,2 เซนติเมตร,16  เซนติเมตร,,แมลงขนาดเล็ก สัตว์น้ำขนาดเล็ก,บุ่ง,ทุกฤดู, มอง กะโหล่ ต่อง,ไม่ขาย ไม่นิยมกินกัน เพราะมีกลิ่นคาว
69,ปลาแขยง,ปลาแขยงหนู,Mystus sp.,2 เซนติเมตร,8  เซนติเมตร,1 กรัม ถึง 1 กิโลกรัม,แมลงเม่า ไส้เดือน กุ้ง,ริมฝั่งโขง,เมษายน-มิถุนายน ,เบ็ด มอง,กิโลกรัมละ 100-120 บาท
70,ปลาแขยงใบข้าว,ปลาแขยงเหลือง,Mystus singaringan,2 เซนติเมตร,9  เซนติเมตร,1 กรัม ถึง 1 กิโลกรัม,แมลงเม่า ไส้เดือน กุ้ง,ริมฝั่งโขง,เมษายน-มิถุนายน ,เบ็ด มอง,กิโลกรัมละ 100-120 บาท
71,ปลาแขยงใบข้าว,ปลาแกด,Mystus singaringan,2.5 เซนติเมตร,10  เซนติเมตร,,แมลงเม่า ไส้เดือน กุ้ง,ริมฝั่งโขง,เมษายน-มิถุนายน , มอง ลอบ, กิโลกรัมละ 100-120 บาท
72,ปลาแขยง,ปลาแขยงโพง,Mystus sp.,1.5 เซนติเมตร,6  เซนติเมตร,50 มิลลิกรัม - 300 กรัม,ตะไคร่น้ำ,บุ่งช่วงฤดูแล้ง ห้วยสาขา,ตลอดทั้งปี,ดาง สวิง,ขายรวมกับปลาขนาดเล็กชนิดอื่นกองละ 10 บาท หรือกิโลกรัมละ 100 บาท
73,ปลาแขยงธง,ปลาแขยงชายธง,Heterobagrus bocourti,2 เซนติเมตร,9  เซนติเมตร,1 กรัม ถึง 1 กิโลกรัม,แมลงเม่า ไส้เดือน กุ้ง,ริมฝั่งโขง,เมษายน-มิถุนายน , มอง ลอบ, กิโลกรัมละ 100-120 บาท
74,ปลาค้อ,"ปลาผั่น,ปลาค้อ",Schistura desmotes,2.5 เซนติเมตร,17.5 เซนติเมตร,100 กรัม ,แมลง กุ้งฝอย ไส้เดือน,ริมฝั่งโขงที่มีหญ้า น้ำสาขา,"ฤดูฝน ""ยามน้ำขุ่น""",เบ็ด มอง, กิโลกรัมละ 80-100 บาท
75,ปลาอีด,ปลาอีด,Lepidocephalichthys hasselti,1.5 เซนติเมตร,6 เซนติเมตร,,ตะไคร่น้ำ,บุ่งช่วงฤดูแล้ง ,กุมภาพันธ์ - เมษายน,ซ่อน สวิง,ขายรวมกับปลาขนาดเล็กชนิดอื่นกองละ 10 บาท หรือกิโลกรัมละ 100 บาท
76,ปลาแขยงหิน,"ปลาข่าขี้หมู,ขี้เหี่ย",Pseudomystus siamensis,2 เซนติเมตร,14 เซนติเมตร,,แมลง มด ปลาที่มีขนาดเล็ก กุ้ง,วังในช่วงน้ำขี้น,พฤษภาคม-มิถุนายน ช่วงฤดูฝน, สวิง มอง, กิโลกรัมละ 80-100 บาท
77,ปลาหลด,ปลาหลดเหลือง,Macrognathus siamensis,2.5  เซนติเมตร,17.5  เซนติเมตร,100 กรัม ,แมลง กุ้งฝอย ไส้เดือน,ริมฝั่งโขงที่มีหญ้า น้ำสาขา,"ฤดูฝน ""ยามน้ำขุ่น""",เบ็ด มอง ตุ้ม, กิโลกรัมละ 80-100 บาท
78,ปลากะทิง,ปลาหลาดเสือ-1,Mastacemblus armatus,2 เซนติเมตร,9  เซนติเมตร,,ตะไคร่น้ำ ใบไม้เน่า,,ธันวาคม - เมษายน,เบ็ด ซ่อน มอง ตุ้ม, กิโลกรัมละ 80-100 บาท
79,ปลากะทิงหลาย,ปลาหลาดเสือ-2,Mastacemblus favus,3 เซนติเมตร,19  เซนติเมตร,200 กรัม ,แมลง กุ้งฝอย ไส้เดือน,ริมฝั่งโขงที่มีหญ้า น้ำสาขา,ช่วงเดือนตุลาคม-พฤศจิกายน และช่วงฤดูฝน,เบ็ด  มอง ตุ้ม, กิโลกรัมละ 80-100 บาท
80,ปลากะทิง,ปลาหลาด,Mastacemblus armatus,2.5  เซนติเมตร,17.5  เซนติเมตร,100 กรัม ,แมลง กุ้งฝอย ไส้เดือน,ริมฝั่งโขงที่มีหญ้า น้ำสาขา,ช่วงเดือนตุลาคม-พฤศจิกายน และช่วงฤดูฝน,เบ็ด  มอง ตุ้ม, กิโลกรัมละ 80-100 บาท
81,ปลาหลด,ปลาหลดหลังจุด,Macrognathus siamensis,2.5  เซนติเมตร,17.5  เซนติเมตร,101 กรัม ,แมลง กุ้งฝอย ไส้เดือน,ริมฝั่งโขงที่มีหญ้า น้ำสาขา,"ฤดูฝน ""ยามน้ำขุ่น""",เบ็ด  มอง ตุ้ม, กิโลกรัมละ 80-100 บาท
82,ปลาไหลนา,เอี่ยน,Monopterus albus,2 เซนติเมตร,38  เซนติเมตร,,ไส้เดือน ซากสัตว์เน่าเหม็น,ริมฝั่งโขง คก น้ำสาขา บริเวณที่มีดินโคลน,"ช่วงแรกเริ่มฤดูเพาะปลูก ""ช่วงดำนา""(ประมาณสิงหาคม-มิถุนายน)",เบ็ด ตุ้ม เอี่ยน, กิโลกรัมละ 100 บาท
83,"ปลาไหลยักษ์,ปลาตูหนา,ปลาเอี่ยนหู","ปลาไหลยักษ์,ปลาพญานาค",Anguilla marmorata,14 เซนติเมตร,1.35  เมตร,8.2  กิโลกรัม,กุ้ง ปลาเล็กปลาน้อย,,ธันวาคม,เบ็ด  มอง ,ชาวบ้านไม่กล้ารับประทาน
84,ปลาปักเป้าทอง,ปลาปักเป้าทอง,Auriglobus nefastus,2.5 เซนติเมตร,4  เซนติเมตร,50 มิลลิกรัม ,กินปลาขนาดเล็ก แมลง,ริมฝั่งโขง คก,ตลอดทั้งปี, มอง หรือเครื่องมือชนิดอื่น,ไม่นิยมกินกันเพราะมีพิษ
85,ปลาปักเป้าหน้ายาว,ปลาปักเป้าควาย,Monotrete cochinchinensis,3.5 เซนติเมตร,8  เซนติเมตร,50 มิลลิกรัม - 400 กรัม,กินปลาขนาดเล็ก แมลง,ริมฝั่งโขง คก,ตลอดทั้งปี, มอง หรือเครื่องมือชนิดอื่น,ไม่นิยมกินกันเพราะมีพิษ
86,ปลาปักเป้าสุวัตถิ,ปลาปักเป้าดาว,Monotrete suvatti,3.5 เซนติเมตร,6 เซนติเมตร,51 มิลลิกรัม - 300 กรัม,กินปลาขนาดเล็ก แมลง,ริมฝั่งโขง คก,ตลอดทั้งปี, มอง หรือเครื่องมือชนิดอื่น,ไม่นิยมกินกันเพราะมีพิษ
87,ปลาปักเป้าจุดแดง,ปลาปักเป้าจุดดำ,Monotrete fangi,3 เซนติเมตร,5 เซนติเมตร,52 มิลลิกรัม - 300 กรัม,กินปลาขนาดเล็ก แมลง,ริมฝั่งโขง คก,ตลอดทั้งปี, มอง หรือเครื่องมือชนิดอื่น,ไม่นิยมกินกันเพราะมีพิษ
88,ตะพาบน้ำ,ปลาฝา,Amyda cartilagenea,,,70 กิโลกรัม,ปลา เนื้อสัตว์เน่าเหม็น,คก,พบทุกฤดู ส่วนใหญ่อาศัยอยู่ตามบุ่ง,ลอบ จั่น, กิโลกรัมละ 200-250 บาท
89,ปลากระเบนแม่น้ำโขง ,"ปลาฝาไม,ฝาไล",Amphotistius laosensis,,,35 กิโลกรัม,ไส้เดือน,คก บริเวณน้ำลึก,ช่วงน้ำขึ้น,มอง ลอบ, กิโลกรัมละ 200-250 บาท
90,ปลาเผาะ,ปลาสอ,Pangasius sp.,1.5 เซนติเมตร,70 เซนติเมตร,4.5  กิโลกรัม,ไส้เดือน แมลง ผลมะเดือ,น้ำแปว คก หาด,ตุลาคม,เบ็ดเผียก มอง, กิโลกรัมละ 70-100 บาท
91,ปลาตะกาก,ปลาจอก,Cosmochilus harmandi,1.5 เซนติเมตร,40 เซนติเมตร,1.6  กิโลกรัม,ไส้เดือน พืชน้ำ, คก หาด วัง,ช่วงฤดูฝน มักไปกันเป็นกลุ่ม,มอง, กิโลกรัมละ 120-180 บาท
92,ปลาตะกาก,ปลาจอกหลังเขียว,Cosmochilus sp.,25.5 เซนติเมตร,63 เซนติเมตร,4  กิโลกรัม,ไส้เดือน พืชน้ำ, คก  วัง,ช่วงฤดูฝน มักไปกันเป็นกลุ่ม,มอง เบ็ด ลอบ, กิโลกรัมละ 150-180 บาท
93,ปลาตะกาก,"ปลาจอกทราย,จอกไหม",Cosmochilus sp.,20 เซนติเมตร,62.5  เซนติเมตร,2.8  กิโลกรัม,ไส้เดือน พืชน้ำ, คก หาด วัง,ช่วงฤดูฝน มักไปกันเป็นกลุ่ม,มอง, กิโลกรัมละ 120-180 บาท
94,ปลาตะโกก,ปลาโจก,Cyclocheilichthys enoplos,21 เซนติเมตร,58  เซนติเมตร,3.8  กิโลกรัม,ไส้เดือน พืชน้ำ, คก หาด วัง,ช่วงฤดูฝน มักไปกันเป็นกลุ่ม,ดึกมอง, กิโลกรัมละ 120-180 บาท
95,ปลาโจกไหม,"ปลาโจกไหม,โจกทราย",Cyclocheilichthys furcatus,22 เซนติเมตร,65  เซนติเมตร,5.5 กิโลกรัม,ไส้เดือน พืชน้ำ, คก หาด วัง,ช่วงฤดูฝน มักไปกันเป็นกลุ่ม,ดึกมอง, กิโลกรัมละ 120-180 บาท
96,ปลากาดำ,ปลาเพี้ย,Morulius chrysophekadion,14 เซนติเมตร,23 เซนติเมตร,1-10 กิโลกรัม, พืชน้ำ, คก หาด ,พฤษภาคม-ตุลาคม,มอง แห, กิโลกรัมละ 120-150 บาท
97,ปลาหว้า,ปลาอีตู๋,Labeo pierrei,22 เซนติเมตร,57 เซนติเมตร,1-10 กิโลกรัม, พืชน้ำ สาหร่าย, คก หาด ,พฤษภาคม-ตุลาคม,มอง แห จั่น, กิโลกรัมละ 120-150 บาท
98,ปลาหว่า,ปลาหว่า,Labeo yunnanensis,17 เซนติเมตร,23 เซนติเมตร,2.4 กิโลกรัม,ไส้เดือน แมลง ตะไคร่น้ำ พืชน้ำ, คก วัง หาดน้ำไหลแรง,กุมภาพันธ์-ตุลาคม,มอง เบ็ด, กิโลกรัมละ 70-100 บาท
99,ปลากาดำ,"ปลาหว่าดำ,กาดำ",Morulius barbatulus,15 เซนติเมตร,29.5 เซนติเมตร,1-6 กิโลกรัม,ไส้เดือน แมลง ตะไคร่น้ำ พืชน้ำ, คก วัง หาดน้ำไหลแรง,กุมภาพันธ์-ตุลาคม,มอง เบ็ด, กิโลกรัมละ 120-150 บาท
100,ปลาหว้าหรือหว่า,ปลาหว่าหน้าหมอง,Labeo sp.,21 เซนติเมตร,32 เซนติเมตร,2.2  กิโลกรัม,ไส้เดือน แมลง ตะไคร่น้ำ พืชน้ำ, คก วัง หาดน้ำไหลแรง,กุมภาพันธ์-ตุลาคม,มอง เบ็ด, กิโลกรัมละ 120-150 บาท
101,ปลาไน,ปลาอีตั้น,Cyprinus carpio,18 เซนติเมตร,30 เซนติเมตร,2.1  กิโลกรัม, พืชน้ำ ตะไคร่น้ำ, ริมฝั่งโขง คก วัง,ตลอดทั้งปี,มอง เบ็ด ตุ้ม ลอบ, กิโลกรัมละ 100-120 บาท
102,ปลาไน,ปลาอีตั้นทอง,Cyprinus carpio,13 เซนติเมตร,31 เซนติเมตร,1.2  กิโลกรัม,ตะไคร่น้ำ แหน,น้ำแปว บุ่ง,,มอง , กิโลกรัมละ 100-120 บาท
103,ปลายี่สกทอง,ปลาเอิน,Probarbus jullieni,20 เซนติเมตร,55 เซนติเมตร,1-40  กิโลกรัม,ไส้เดือน  พืชน้ำ, คก วัง,สิงหาคม-กันยายน,มอง เบ็ด, กิโลกรัมละ 130-200 บาท
104,ปลายี่สกทอง,ปลาเอินทราย,Probarbus jullieni,21 เซนติเมตร,62 เซนติเมตร,5.6 กิโลกรัม,ไส้เดือน  พืชน้ำ, คก วัง,สิงหาคม-กันยายน,มอง เบ็ด, กิโลกรัมละ 130-200 บาท
105,ปลาเอินฝ้าย,ปลาเอินฝ้าย,Probarbus jullieni,2  เซนติเมตร,7 เซนติเมตร,,ไส้เดือน  พืชน้ำ, คก วัง,สิงหาคม-กันยายน,มอง เบ็ด, กิโลกรัมละ 130-200 บาท
106,ปลายี่สกเทศ,ปลายี่สก,Rohita rohita,16 เซนติเมตร,32 เซนติเมตร,1.3  กิโลกรัม,กุ้งฝอย ตะไคร่น้ำ พืชน้ำ, คก วัง,ตลอดทั้งปี,มอง เบ็ด ตุ้ม , กิโลกรัมละ 80-100 บาท
107,นวลจันทร์เทศ,ปลานวลจันทร์,Cirrhinus cirrhosus,22.5 เซนติเมตร,85 เซนติเมตร,8.5 กิโลกรัม,กุ้งฝอย ตะไคร่น้ำ พืชน้ำ, คก วัง,ตลอดทั้งปี,มอง เบ็ด ตุ้ม , กิโลกรัมละ 80-100 บาท
108,ปลานวลจันทร์,ปลาอีสบ,Cirrhinus microlepis,12 เซนติเมตร,30 เซนติเมตร,0.7 กิโลกรัม,กุ้งฝอย ตะไคร่น้ำ พืชน้ำ, คก วัง,ตลอดทั้งปี,มอง เบ็ด ลอบ, กิโลกรัมละ 80-100 บาท
109,ปลานวลจันทร์,ปลาพอน,Cirrhinus microlepis,17 เซนติเมตร,36 เซนติเมตร,36 กิโลกรัม,กุ้งฝอย ตะไคร่น้ำ พืชน้ำ, คก วัง,ตลอดทั้งปี,มอง เบ็ด ลอบ, กิโลกรัมละ 100-120 บาท
110,ปลาตะเพียน,"ปลาปากตาดำ,ปากเปี่ยน,สะป้าก",Barbonymus sp.,10 เซนติเมตร,16 เซนติเมตร,400 กรัม,กุ้งฝอย ไส้เดือน, คก วัง หาด,ช่วงพฤษภาคม-มิถุนายน,มอง, กิโลกรัมละ 40 บาท
111,ปลาตะเพียนทราย,"ปลาปากเหลือง,ปีกแดง",Puntius brevis,9 เซนติเมตร,17 เซนติเมตร,401 กรัม,กุ้ง ไส้เดือน ตะไคร่น้ำ, คก วัง หาด,พฤษภาคม-มิถุนายน,มอง,ขนาดเล็กกิโลกรัมละ 40 บาท ขนาด 1 กิโลกรัม ราคากิโลกรัมละ 100 บาท
112,ปลาตะเพียนปากหนวด,ปลาปากคำ,Hypsibarbus vernayi,14 เซนติเมตร,25  เซนติเมตร,200 กรัม,ไส้เดือน ปลวก มด แมลง  พืชน้ำ,ริมฝั่งโขง ใต้พุ่มไม้,กันยายน-พฤศจิกายน,,
113,ปลาปากหนวด,"ปลาปากไก่,ปากขาว",Hypsibarbus lagleri,7 เซนติเมตร,16.5  เซนติเมตร,200 กรัม,แหน ตะไคร่น้ำ,บุ่ง บริเวณน้ำไหล,พฤษภาคม-กรกฎาคม,มอง ด่าง ลอบ, กิโลกรัมละ 70 บาท
114,ปลาจาด,ปลาจาด,Hypsibarbus malcolmi,5 เซนติเมตร,11.5 เซนติเมตร,100 กรัม,แหน ตะไคร่น้ำ  พืชน้ำ,บุ่ง คก วัง,ตลอดทั้งปี,มอง ด่าง ลอบ เบ็ด, กิโลกรัมละ 50-70 บาท
115,ปลาไส้ตันตาแดง,ปลาลายนกเขา,Cyclocheilichthys apogon,5 เซนติเมตร,13.5 เซนติเมตร,101 กรัม,ไส้เดือน  พืชน้ำ,คก วัง,มิถุนายน-ตุลาคม,มอง ตุ้ม,ขนาดเล็กขายรวมกับปลาชนิดอื่นเป็นกอง ๆ ละ 10 บาท ตัวใหญ่ กิโลกรัม 70-80 บาท
116,ปลาพรม,ปลาโพง,Osteochilus melanopleurus,10 เซนติเมตร,20 เซนติเมตร,400 กรัม,ไส้เดือน  พืชน้ำ,คก วัง,มิถุนายน-ตุลาคม,มอง ตุ้ม, กิโลกรัมละ 70-100 บาท
117,ปลาสร้อยนกเขา,"ปลาผู้สาว,ปลาอีไท่",Osteochilus hasselti,5 เซนติเมตร,13.5 เซนติเมตร,100 กรัม ,ไส้เดือน  พืชน้ำ,คก วัง อยู่เป็นฝูง,มิถุนายน-ตุลาคม,มอง ตุ้ม,ขนาดเล็กขายรวมกับปลาชนิดอื่นเป็นกอง ๆ ละ 10 บาท ตัวใหญ่ กิโลกรัม 70-80 บาท
118,ปลาจีน,ปลาจีน,Hypophthalmichthys molitrix,13เซนติเมตร,27.5 เซนติเมตร,600 กรัม , พืชน้ำ ตะไคร่น้ำ,ริมฝั่งโขง คก วัง,ตลอดทั้งปี,มอง ตุ้ม เบ็ด ลอบ, กิโลกรัมละ 70-100 บาท
119,ปลาวีน,ปลาสะกาง,Puntioplites falcifer,7.5 เซนติเมตร,15 เซนติเมตร,100 กรัม , ปลาเล็ก กุ้ง มด ปลวก แมลง,วัง บุ่ง อยู่เป็นฝูง,พฤษภาคม-กรกฎาคม,มอง  ลอบ, กิโลกรัมละ 70-80บาท
120,ปลากะมัง,"ปลาเก้ง,สะกางเก้ง",Puntioplites waandersi,7.5 เซนติเมตร,16 เซนติเมตร,100 กรัม , ปลาเล็ก กุ้ง มด ปลวก แมลง,วัง บุ่ง อยู่เป็นฝูง,พฤษภาคม-กรกฎาคม,มอง  ลอบ, กิโลกรัมละ 70-80บาท
121,ปลากะมัง,ปลาสะง้า,Puntioplites waandersi,8 เซนติเมตร,12.5 เซนติเมตร,100 กรัม , พืชน้ำ ตะไคร่น้ำ,ริมฝั่งโขง คก วัง หาด อยู่เป็นฝูง,เมษายน-สิงหาคม,มอง  , กิโลกรัมละ 70-80บาท
122,ปลากะมัง,"ปลาช้างเหยียบ,ตาโป",Puntioplites proctozysron,9 เซนติเมตร,13.5 เซนติเมตร,200 กรัม , พืชน้ำ ไคร่น้ำ,ริมฝั่งโขง คก วัง หาด อยู่เป็นฝูง,เมษายน-สิงหาคม,มอง  , กิโลกรัมละ 70-80บาท
123,ปลาตะเพียนทอง,"ปลาคำ,ขี้มิ้น,คำมิ้น",Barbonymus altus,13.5 เซนติเมตร,25 เซนติเมตร,1.1 กิโลกรัม, พืชน้ำ ตะไคร่น้ำ แมลง,วัง บุ่ง (ช่วงน้ำขึ้นชอบอยู่ตามโขดหิน),พฤษภาคม-กรกฎาคม,มอง  , กิโลกรัมละ 80บาท
124,ปลาปากเปี่ยน,ปลาปีกไก่,Scaphognathops sp.,4 เซนติเมตร,10.5 เซนติเมตร,100 กรัม , พืชน้ำ ตะไคร่น้ำ ขี้ตม,วัง บุ่ง คก,ตลอดทั้งปี,มอง ตุ้ม เบ็ด ลอบ, กิโลกรัมละ 40-50 บาท
125,ปลาตะเพียนทอง,"ปลาหมากโมง,เพียนไฟ",Barbonymus altus,5 เซนติเมตร,10 เซนติเมตร,70 มิลลิกรัม, พืชน้ำ ไส้เดือน ปลวก มด แมลง,ริมฝั่งโขง ใต้พุ่มไม้,กันยายน-พฤศจิกายน,มอง แห ลอบ, กิโลกรัมละ 70 บาท
126,ปลาตะเพียนทอง,ปลาอีแจ๊ะ,Barbonymus altus,3.5 เซนติเมตร,7.5  เซนติเมตร,70 มิลลิกรัม, พืชน้ำ ไส้เดือน ปลวก มด แมลง,บุ่ง คก อยู่เป็นฝูงใหญ่,กันยายน-พฤศจิกายน,มอง แห ลอบ, กิโลกรัมละ 70 บาท
127,ปลากะสูบขีด,ปลาสูดขีด,Hampala macrolepidota,4  เซนติเมตร,11   เซนติเมตร,, ไส้เดือน ปลวก มด แมลง,บุ่ง คก ,กันยายน-พฤศจิกายน,มอง แห ลอบ, กิโลกรัมละ 70 บาท
128,ปลาตะเพียนทอง,ปลาสูดจุด,Hampala altus,3  เซนติเมตร,8   เซนติเมตร,, ไส้เดือน ปลวก มด แมลง,บุ่ง คก ,กันยายน-พฤศจิกายน,มอง แห ลอบ, กิโลกรัมละ 70 บาท
129,ปลาสร้อยนกเขา,ปลานกเขาคีบแดง,Osteochilus sp.,4.5  เซนติเมตร,12   เซนติเมตร,, ไส้เดือน ปลวก มด แมลง,บุ่ง คก ,กันยายน-พฤศจิกายน,มอง แห ลอบ, กิโลกรัมละ 70 บาท
130,ปลากะแห,ปลาตะเพียน,Barbonymus  schwanenfeldii,7 เซนติเมตร,12  เซนติเมตร,, ไส้เดือน ปลวก มด แมลง,บุ่ง คก ,กันยายน-พฤศจิกายน,มอง แห ลอบ, กิโลกรัมละ 70-100บาท
131,ปลาตะเพียนปากหนวด,ปลาปากคีบแดง,Hypsibarbus pirrei,9.5 เซนติเมตร,15  เซนติเมตร,, ไส้เดือน ปลวก มด แมลง พืชน้ำ,บุ่ง คก ,กันยายน-พฤศจิกายน,มอง แห ลอบ, กิโลกรัมละ 70-100บาท
132,ปลาแกง,ปลาแกง,Cirrhinus molitorella,8 เซนติเมตร,13.5  เซนติเมตร,300 กรัม,ตะไคร่น้ำ  พืชน้ำ, คก วัง ,มีนาคม-เมษายน,มอง ตุ้ม, กิโลกรัมละ80-100 บาท
133,ปลาเล็บมือนาง,"ปลามันขบ,สูดหางจุด,บักล่ำ",Crossocheilus reticulatus,3.5  เซนติเมตร,13  เซนติเมตร,150 กรัม,ตะไคร่น้ำ  พืชน้ำ,ริมฝั่งโขง  หาด น้ำสาขา,พฤศจิกายน-พฤษภาคม,มอง ตุ้ม, กิโลกรัมละ70 บาท
134,ปลาน้ำฝาย,ปลามาง,Sikukia gudgeri,3  เซนติเมตร,8  เซนติเมตร,,ไส้เดือน ตะไคร่น้ำ  แมลงขนาดเล็ก,หาดในฤดูแล้ง ริมฝั่งโขง อยู่เป็นฝูง,เดือนมกราคม-สิงหาคม,มองตาถี่ ไซ ตุ้ม, กิโลกรัมละ30-40 บาท หรือขายเป็นกองรวมกับปลาชนิดอื่นกองละ 10 บาท มีประมาณ 20-30 ตัว
135,ปลาน้ำฝายหลังดำ,"ปลามางขาว,น้ำฝาย",Sikukia stejnegeri,3.5  เซนติเมตร,9.5 เซนติเมตร,30 มิลลิกรัม,ตะไคร่น้ำ  พืชน้ำ,หาดในฤดูแล้ง ริมฝั่งโขง บุ่ง อยู่เป็นฝูง,ตลอดทั้งปี,มองตาถี่ ไซ ตุ้ม, กิโลกรัมละ50 บาท
136,ปลาจาด,ปลาบักมั่ง,Poropuntius sp.,3.6  เซนติเมตร,9.5 เซนติเมตร,,ตะไคร่น้ำ ขี้ตม,ริมฝั่งโขง  หาดช่วงฤดูแล้ง น้ำสาขา บุ่งช่วงหน้าแล้ง ,กุมภาพันธ์-พฤษภาคม,มองตาถี่ ไซ ตุ้ม,เป็นปลาขนาดเล็กขายรวมกันเป็นกอง ๆ ละ 10 บาท มีประมาณ 10-20 ตัว
137,ปลาตะเพียน,ปลาตะเพียน,Systomus sp.,4 เซนติเมตร,12.5 เซนติเมตร,,ตะไคร่น้ำ ขี้ตม,ริมฝั่งโขง  หาดช่วงฤดูแล้ง น้ำสาขา บุ่งช่วงหน้าแล้ง ,กุมภาพันธ์-พฤษภาคม,มองตาถี่ ไซ ตุ้ม,เป็นปลาขนาดเล็กขายรวมกันเป็นกอง ๆ ละ 10 บาท มีประมาณ 10-20 ตัว
138,ปลาน้ำหมึก,"ปลาจาก,บอกปีกแดง",Opsarius sp.,5 เซนติเมตร,12.5 เซนติเมตร,,ตะไคร่น้ำ ขี้ตม,ริมฝั่งโขง  หาดช่วงฤดูแล้ง น้ำสาขา บุ่งช่วงหน้าแล้ง ,กุมภาพันธ์-พฤษภาคม,มองตาถี่ ไซ ตุ้ม,เป็นปลาขนาดเล็กขายรวมกันเป็นกอง ๆ ละ 10 บาท มีประมาณ 10-20 ตัว
139,ปลาหนามหลัง,"ปลาหนามเจีย,เกเกาะ",Mystacoleucus marginatus,3.6  เซนติเมตร,9.5  เซนติเมตร,,ตะไคร่น้ำ ขี้ตม,ริมฝั่งโขง  หาดช่วงฤดูแล้ง น้ำสาขา บุ่งช่วงหน้าแล้ง ,กุมภาพันธ์-พฤษภาคม,มองตาถี่ ไซ ตุ้ม,เป็นปลาขนาดเล็กขายรวมกันเป็นกอง ๆ ละ 10 บาท มีประมาณ 10-20 ตัว
140,ปลาตาใส,ปลาขาว,Mystacoleucus greenwayi,1.5  เซนติเมตร,5  เซนติเมตร,,ขี้ตม หน้าดิน,ริมฝั่งโขง  หาดช่วงฤดูแล้ง น้ำสาขา บุ่งช่วงหน้าแล้ง ,กุมภาพันธ์-พฤษภาคม,มองตาถี่ ไซ ตุ้ม,เป็นปลาขนาดเล็กขายรวมกันเป็นกอง ๆ ละ 10 บาท มีประมาณ 10-20 ตัว
141,ปลาหนามหลังขาว,"ปลาซิวตาโป,ซิวตาโต",Mystacoleucus ectypus,2 เซนติเมตร,5.5  เซนติเมตร,,แมลงน้ำ สัตว์ในน้ำที่มีขนาดเล็ก,ริมฝั่งโขง  หาดช่วงฤดูแล้ง น้ำสาขา บุ่งช่วงหน้าแล้ง ,กุมภาพันธ์-พฤษภาคม,มองตาถี่ ไซ ตุ้ม ซ่อน,เป็นปลาขนาดเล็กขายรวมกันเป็นกอง ๆ ละ 10 บาท มีประมาณ 10-20 ตัว
142,ปลาหนามหลัง,"ปลาซิวหางจุด,หนามเจียหางจุดดำ",Mystacoleucus sp.,1.5 เซนติเมตร,5   เซนติเมตร,,แมลงน้ำ สัตว์ในน้ำที่มีขนาดเล็ก,ริมฝั่งโขง  หาดช่วงฤดูแล้ง น้ำสาขา บุ่งช่วงหน้าแล้ง ,กุมภาพันธ์-พฤษภาคม,มองตาถี่ ไซ ตุ้ม ,เป็นปลาขนาดเล็กขายรวมกันเป็นกอง ๆ ละ 10 บาท มีประมาณ 10-20 ตัว
143,ปลาปากเปลี่ยน,ปลาปากเปี่ยน,Scaphognathops stejnegeri,8 เซนติเมตร,13 เซนติเมตร,,ตะไคร่น้ำ  พืชน้ำขนาดเล็ก,ริมฝั่งโขง  หาดช่วงฤดูแล้ง แก่งหิน ,กุมภาพันธ์-พฤษภาคม,มองตาถี่ ไซ ตุ้ม , กิโลกรัมละ70-100บาท
144,ปลาจาด,ปลาขาวมน,Discherodontus sp.,3 เซนติเมตร,8 เซนติเมตร,,ตะไคร่น้ำ  พืชน้ำขนาดเล็ก,ริมฝั่งโขง  หาดช่วงฤดูแล้ง ,กุมภาพันธ์-พฤษภาคม,มองตาถี่ ไซ ตุ้ม , กิโลกรัมละ70-100บาท
145,ปลาสร้อยขาว,"ปลาบอกหัวแข็ง,ปลาส้อยขาว",Henicorhynchus siamensis,4.5 เซนติเมตร,14.8 เซนติเมตร,80 มิลลิกรัม,ตะไคร่น้ำ  พืชน้ำ,ริมฝั่งโขง  หาดช่วงฤดูแล้ง ,กุมภาพันธ์-พฤษภาคม,มองตาถี่ ไซ ตุ้ม , กิโลกรัมละ60-80 บาท
146,ปลาสร้อยหลอด,ปลาส้อยหัวแข็ง,Henicorhynchus lobatus,3  เซนติเมตร,12  เซนติเมตร,60  มิลลิกรัม,ตะไคร่น้ำ  พืชน้ำ,ริมฝั่งโขง  หาดช่วงฤดูแล้ง ,กุมภาพันธ์-พฤษภาคม,มองตาถี่ ไซ ตุ้ม , กิโลกรัมละ60-80 บาท
147,ปลาสร้อยขาว,ปลาส้อยขาว,Henicorhynchus siamensis,2.5   เซนติเมตร,11 เซนติเมตร,,ตะไคร่น้ำ  พืชน้ำ,ริมฝั่งโขง  หาดในช่วงฤดูแล้ง ,กุมภาพันธ์-พฤษภาคม,มองตาถี่ ไซ ตุ้ม , กิโลกรัมละ60-80 บาท
148,ปลาสร้อยปีกแดง,ปลาส้อยปีกแดง,Henicorhynchus ornatipinnis,2.5  เ ซนติเมตร,12 เซนติเมตร,,ตะไคร่น้ำ  พืชน้ำ,หาดในช่วงฤดูแล้ง ริมฝั่งโขงช่วงน้ำหลาก,กุมภาพันธ์-กรกฎาคม,ไซ มองตาถี่ ไซ ตุ้ม ลอบ, กิโลกรัมละ60-80 บาท
149,ปลาสร้อย,ปลาส้อย,Henicorhynchus sp.,2.5   เซนติเมตร,11 เซนติเมตร,,ตะไคร่น้ำ  พืชน้ำ,หาดในช่วงฤดูแล้ง ริมฝั่งโขงช่วงน้ำหลาก อยู่เป็นฝูงเล็ก ๆ,กุมภาพันธ์-กรกฎาคม,ไซ มองตาถี่ ไซ ตุ้ม ลอบ, กิโลกรัมละ60-80 บาท
150,ปลาสร้อยหลอด,ปลาส้อย,Henicorhynchus lobatus,2.5   เซนติเมตร,10  เซนติเมตร,,ตะไคร่น้ำ  พืชน้ำ,หาด บุ่ง ในช่วงฤดูแล้ง อยู่เป็นฝูง,กุมภาพันธ์-กรกฎาคม,ไซ มองตาถี่ ไซ ตุ้ม ลอบ, กิโลกรัมละ60-80 บาท
151,ปลาสร้อยหลอด,ปลาส้อยดอกตอง,Henicorhynchus lobatus,2.5   เซนติเมตร,11  เซนติเมตร,,ตะไคร่น้ำ  พืชน้ำ,หาด บุ่ง ในช่วงฤดูแล้ง อยู่เป็นฝูงใหญ่,กุมภาพันธ์-พฤษภาคม,ไซ มองตาถี่ ไซ ตุ้ม , กิโลกรัมละ60-80 บาท
152,ปลาสร้อยหลอด,ปลาคีลามหางแดง,Henicorhynchus lobatus,3  เซนติเมตร,9  เซนติเมตร,,ตะไคร่น้ำ  พืชน้ำ,บุ่ง ใต้ใบไม้ กิ่งไม้ที่แช่ในน้ำ,มีนาคม-พฤษภาคม,มอง, กิโลกรัมละ 50-60  บาท
153,ปลาแกง,ปลาส้อยหางดำ,Cirrhinus molitorella,4  เซนติเมตร,10  เซนติเมตร,,ตะไคร่น้ำ  พืชน้ำ,บุ่ง ใต้ใบไม้ กิ่งไม้ที่แช่ในน้ำ,มีนาคม-พฤษภาคม,มอง, กิโลกรัมละ 50-60  บาท
154,ปลาสร้อยหลอด,ปลาส้อยหางเหลือง,Henicorhynchus lobatus,2.5  เซนติเมตร,11  เซนติเมตร,,ตะไคร่น้ำ  พืชน้ำ,บุ่ง ใต้ใบไม้ กิ่งไม้ที่แช่ในน้ำ,มีนาคม-พฤษภาคม,มอง, กิโลกรัมละ 50-60  บาท
155,ปลาสร้อยหลังชน,"ปลาส้อยหางแดง,ปลาส้อยปีกแดง",Henicorhynchus lineatus,2.5  เซนติเมตร,12  เซนติเมตร,,ตะไคร่น้ำ  พืชน้ำ,หาดในช่วงฤดูแล้ง ริมฝั่งโขง,กุมภาพันธ์-พฤษภาคม,ไซ มองตาถี่  ตุ้ม , กิโลกรัมละ 50-80  บาท
156,"ปลาซ่า,ปลาคุยลาม",ปลาซ่า,Labiobarbus siamensis,3 เซนติเมตร,9   เซนติเมตร,,ไส้เดือน  พืชน้ำ,คก วัง อยู่เป็นฝูง,มิถุนายน-ตุุลาคม, มอง  ตุ้ม ,เป็นปลาขนาดเล็กขายรวมกันเป็นกอง ๆ ละ 10 บาท กิโลกรัมละ 70-80 บาท
157,ปลาสร้อยลูกกล้วย,ปลาคุยลาม,Labiobarbus Leptocheilus,4 เซนติเมตร,8.5  เซนติเมตร,,ไส้เดือน  พืชน้ำ,คก วัง อยู่เป็นฝูง,มิถุนายน-ตุุลาคม, มอง  ตุ้ม ,ขนาดเล็กขายรวมกับปลาชนิดอื่นเป็นกอง ๆ ละ 10 บาท ตัวใหญ่ กิโลกรัมละ 70-80 บาท
158,ปลาสร้อยลูกกล้วย,ปลาคุยลาม,Labiobarbus leptocheilus,2.5 เซนติเมตร,8.5  เซนติเมตร,,ไส้เดือน  พืชน้ำ,คก วัง ,มิถุนายน-ตุุลาคม, มอง  ตุ้ม ,ขนาดเล็กขายรวมกับปลาชนิดอื่นเป็นกอง ๆ ละ 10 บาท ตัวใหญ่ กิโลกรัมละ 70-80 บาท
159,ปลาซ่า,ปลาคีลาม,Labiobarbus siamensis,2.5เซนติเมตร,9  เซนติเมตร,ใหญ่สุดประมาณ 2 กิโลกรัม,ตะไคร่น้ำ  พืชน้ำ,บุ่ง ใต้ใบไม้ กิ่งไม้ที่แช่ในน้ำ,มีนาคม-พฤษภาคม, มอง  , กิโลกรัมละ 50-60  บาท
160,ปลาสร้อยลูกบัว,ปลาหลังขน,Labiobarbus leptocheilus,2.6 เซนติเมตร,10  เซนติเมตร,,ไส้เดือน  พืชน้ำ,คก วัง อยู่เป็นฝูง,มิถุนายน-ตุุลาคม, มอง  ตุ้ม ,ขนาดเล็กขายรวมกับปลาชนิดอื่นเป็นกอง ๆ ละ 10 บาท ตัวใหญ่ กิโลกรัมละ 70-80 บาท
161,ปลาสร้อยนกเขาหน้าหมอง,"ปลาสร้อยปก,ปกป้อม",Osteochilus linni,3 เซนติเมตร,8  เซนติเมตร,,ตะไคร่น้ำ  พืชน้ำ,หาดในช่วงฤดูแล้ง ริมฝั่งโขง,กุมภาพันธ์-พฤษภาคม,ไซ มองตาถี่  ตุ้ม , กิโลกรัมละ 60-80  บาท
162,ปลาเล็บมือนาง,"ปลาฮีม,ปลาฮึม",Crossocheilus sp.,4 เซนติเมตร,12  เซนติเมตร,,ตะไคร่น้ำ  พืชน้ำ,หาดในช่วงฤดูแล้ง ริมฝั่งโขง,กุมภาพันธ์-พฤษภาคม,ไซ มองตาถี่  ตุ้ม , กิโลกรัมละ 60-80  บาท
163,ปลาร่องไม้ตับ ,ปลาข้างลาย,Osteochilus microcephalus,3 เซนติเมตร,10.3  เซนติเมตร,,ตะไคร่น้ำ  พืชน้ำ,หาดในช่วงฤดูแล้ง ริมฝั่งโขง อยู่เป็นฝูงเล็ก ๆ,กุมภาพันธ์-พฤษภาคม,ไซ มองตาถี่  ตุ้ม , กิโลกรัมละ 60-80  บาท
164,ปลาเลียหิน,ปลาหูบ่อง,Garra  fascoacaida,2.5 เซนติเมตร,11  เซนติเมตร,,ตะไคร่น้ำ  พืชน้ำ,หาดในช่วงฤดูแล้ง ริมฝั่งโขง,กุมภาพันธ์-พฤษภาคม,ไซ มองตาถี่  ตุ้ม , กิโลกรัมละ 60-80  บาท
165,ปลาเลียหิน,ปลาเลียหิน,Garra  fascoacaida,2.5 เซนติเมตร,12  เซนติเมตร,,ตะไคร่น้ำ  พืชน้ำ,หาดในช่วงฤดูแล้ง ริมฝั่งโขง,กุมภาพันธ์-พฤษภาคม,ไซ มองตาถี่  ตุ้ม , กิโลกรัมละ50-80  บาท
166,ปลาเลียหิน,ปลากมไนแตง,Garra  fascoacaida,3 เซนติเมตร,13  เซนติเมตร,,ตะไคร่น้ำ  พืชน้ำ,หาดในช่วงฤดูแล้ง ริมฝั่งโขง,กุมภาพันธ์-พฤษภาคม,ไซ มองตาถี่  ตุ้ม , กิโลกรัมละ50-80  บาท
167,ปลาเล็บมือนาง,ปลาดอกท้อย,Crossocheilus atrilimes,1 เซนติเมตร,6  เซนติเมตร,,ตะไคร่น้ำ  พืชน้ำ,หาดในช่วงฤดูแล้ง ริมฝั่งโขง,กุมภาพันธ์-พฤษภาคม,ไซ มองตาถี่  ตุ้ม , กิโลกรัมละ50-80  บาท
168,ปลาเล็บมือนาง,ปลาเล็บมือนาง,Crossocheilus reticulatus,1.5 เซนติเมตร,8 เซนติเมตร,,ตะไคร่น้ำ  พืชน้ำ สัตว์เล็ก ๆ หน้าผิวดินใต้น้ำ,หาดในช่วงฤดูแล้ง ริมฝั่งโขง อยูู่เป็นฝูง,กุมภาพันธ์-พฤษภาคม,ไซ มองตาถี่  ตุ้ม , กิโลกรัมละ50-80  บาท
169,ปลาสะอี,ปลาหว่าสะอี,Mekongina erythrospila,2 เซนติเมตร,9 เซนติเมตร,,ตะไคร่น้ำ  พืชน้ำ ,หาดในช่วงฤดูแล้ง ริมฝั่งโขง ,กุมภาพันธ์-พฤษภาคม,ไซ มองตาถี่  ตุ้ม , กิโลกรัมละ50-80  บาท
170,ปลาสร้อยหลอด,ปลาเคียง,Hemicorhynchus caudimaculatus,2.5  เซนติเมตร,10 เซนติเมตร,,ตะไคร่น้ำ  พืชน้ำ ,หาดในช่วงฤดูแล้ง ริมฝั่งโขง ,กุมภาพันธ์-พฤษภาคม,ไซ มองตาถี่  ตุ้ม , กิโลกรัมละ50-80  บาท
171,ปลาสะอี,ปลาสะอี,Mekongina erythrospila,3.5 เซนติเมตร,12.2 เซนติเมตร,50 มิลลิกรัม - 12 กิโลกรัม,พืชน้ำ  ตะไคร่น้ำ,คก วัง,ตุลาคม-พฤษภาคม,มอง เบ็ด, กิโลกรัมละ50-100  บาท
172,ปลาไส้ตัน,ปลาไส้ตัน,Cyclocheilichthys apogon,3  เซนติเมตร,10  เซนติเมตร,,พืชน้ำ  ตะไคร่น้ำ,คก วัง,ตุลาคม-พฤษภาคม,มอง เบ็ด, กิโลกรัมละ50-100  บาท
173,ปลาไส้ตัน,ปลาไส้ตัน,Cyclocheilichthys lagleri,3.5  เซนติเมตร,11  เซนติเมตร,,พืชน้ำ  ตะไคร่น้ำ,คก วัง,ตุลาคม-พฤษภาคม,มอง เบ็ด, กิโลกรัมละ50-100  บาท
174,ปลาน้ำฝาย,ปลามางแอ,Sikukia sp.,3  เซนติเมตร,7 เซนติเมตร,,พืชน้ำ  ตะไคร่น้ำ,คก วัง,ตุลาคม-พฤษภาคม,มอง เบ็ด, กิโลกรัมละ80-100  บาท
175,ปลาตะเพียน,ปลาเพียน,Hypsibarbus sp.,4  เซนติเมตร,8 เซนติเมตร,,พืชน้ำ  ตะไคร่น้ำ,คก วัง,ตุลาคม-พฤษภาคม,มอง เบ็ด, กิโลกรัมละ80-100  บาท
176,ปลาจาด,ปลาจาด,Poropuntius sp.,3 เซนติเมตร,8.5 เซนติเมตร,,พืชน้ำ  ตะไคร่น้ำ,คก วัง,ตุลาคม-พฤษภาคม,มอง เบ็ด, กิโลกรัมละ80-100  บาท
177,ปลาสร้อยปีกแดง,ปลาจาด,Henicorhynchus ornatipinnis,4 เซนติเมตร,7.7 เซนติเมตร,,พืชน้ำ  ตะไคร่น้ำ,คก วัง,ตุลาคม-พฤษภาคม,มอง เบ็ด, กิโลกรัมละ80-100  บาท
178,ปลาสร้อยนกเขาหน้าหมอง,ปลาจาด,Osteochilus linni,4.5 เซนติเมตร,11.5 เซนติเมตร,50 มิลลิกรัม,กุ้งฝอย ตะไคร่น้ำ,วัง บุ่ง,พฤษภาคม-มิถุนายน,มอง , กิโลกรัมละ100  บาท
179,ปลาจาด,ปลาจาด,Poropuntius sp.,4.5 เซนติเมตร,11 เซนติเมตร,50 มิลลิกรัม,กุ้งฝอย ตะไคร่น้ำ,วัง บุ่ง,พฤษภาคม-มิถุนายน,มอง , กิโลกรัมละ100  บาท
180,ปลาตะเพียนทราย,ปลาตะเพียนห้วย,Puntius brevis,4 เซนติเมตร,12.5  เซนติเมตร,50 มิลลิกรัม,ตะไคร่น้ำ  พืชน้ำ ,หาดในช่วงฤดูแล้ง ริมฝั่งโขง,กุมภาพันธ์-พฤษภาคม และจะอาศัยอยู่ในห้วยสาขาตลอดทั้งปี,ไซ มองตาถี่  ตุ้ม , กิโลกรัมละ60-80  บาท
181,ปลาตะเพียน,ปลาปกเหลือง,Puntius sp.,5 เซนติเมตร,12 เซนติเมตร,50 มิลลิกรัม,ตะไคร่น้ำ  พืชน้ำ ,หาดในช่วงฤดูแล้ง ริมฝั่งโขง และจะอาศัยอยู่ห้อยสาขาตลอดทั้งปี,กุมภาพันธ์-พฤษภาคม,ไซ มองตาถี่  ตุ้ม , กิโลกรัมละ60-80  บาท
182,ปลาตะเพียนทราย,ปลาปกคีบแดง,Puntius aurotaeniatus,3 เซนติเมตร,10 เซนติเมตร,,พืชน้ำ  ตะไคร่น้ำ,คก วัง,ตุลาคม-พฤษภาคม,มอง เบ็ด, กิโลกรัมละ80-100  บาท
183,ปลาแก้มช้ำ,ปลาปกหางจุด,Orphoides orphoides,4 เซนติเมตร,10 เซนติเมตร,50 มิลลิกรัม,ตะไคร่น้ำ  พืชน้ำ ,หาดในช่วงฤดูแล้ง ริมฝั่งโขง และจะอาศัยอยู่ห้อยสาขาตลอดทั้งปี,กุมภาพันธ์-พฤษภาคม,ไซ มองตาถี่  ตุ้ม , กิโลกรัมละ60-80  บาท
184,ปลามะไฟ,ปลาเพียนไฟ,Systomus stolitzkaenus,3 เซนติเมตร,10  เซนติเมตร,,พืชน้ำ  ตะไคร่น้ำ,คก วัง,ตุลาคม-พฤษภาคม,มอง เบ็ด, กิโลกรัมละ80-100  บาท
185,ปลาสร้อยนกเขาหน้าหมอง,"ปลาเขานา,ปกนา",Osteochilus linni,4.8 เซนติเมตร,13.5 เซนติเมตร,100 กรัม ,ตะไคร่น้ำ  พืชน้ำ ,หาดในช่วงฤดูแล้ง ริมฝั่งโขง,กุมภาพันธ์-พฤษภาคม,ไซ มองตาถี่  ตุ้ม , กิโลกรัมละ60-80  บาท
186,ปลาตะพาก,ปลาปากท้องเหลือง,Hypsibarbus wetmorei,3 เซนติเมตร,13.5 เซนติเมตร,,พืชน้ำ  ตะไคร่น้ำ,คก วัง,ตุลาคม-พฤษภาคม,มอง เบ็ด, กิโลกรัมละ80-100  บาท
187,ปลานางอ้าว,"ปลาปากกว้าง,มะหาวอ้าว",Raiamas guttatus,3 เซนติเมตร,13 เซนติเมตร,80 กรัม ,ตะไคร่น้ำ  พืชน้ำ ,หาด ริมโขง,ช่วงพฤษภาคม-มิถุนายน,ไซ มองตาถี่  ต่อง,ขายรวมกับปลาขนาดเล็กชนิดอื่นกองละ 10 บาท มีประมาณ 20-30 ตัว
188,ปลานางอ้าว,"ปลามะหาว,หมากหาว",Raiamas guttatus,2.5  เซนติเมตร,11.5  เซนติเมตร,,มด แมลงขนาดเล็ก ,บุ่งช่วงฤดูแล้ง หาด,ธันวาคม-เมษายน,ใช้ดางเขียวซ่อน ต่อง,ขายรวมกับปลาขนาดเล็กชนิดอื่นกิโลกรัมละ 100 บาท
189,ปลานางอ้าว,ปลากับแก (ตุ๊กแก),Raiamas guttatus,2.4   เซนติเมตร,11.5  เซนติเมตร,,มด แมลงขนาดเล็ก ,บุ่งช่วงฤดูแล้ง หาด,ธันวาคม-เมษายน,ใช้ดางเขียวซ่อน ต่อง,ขายรวมกับปลาขนาดเล็กชนิดอื่นกิโลกรัมละ 100 บาท
190,ปลานางอ้าว,ปลาคับเฮือ,Raiamas guttatus,2.7   เซนติเมตร,12  เซนติเมตร,,มด แมลงขนาดเล็ก ,บุ่งช่วงฤดูแล้ง หาด,ธันวาคม-เมษายน,ใช้ดางเขียวซ่อน ต่อง,ขายรวมกับปลาขนาดเล็กชนิดอื่นกิโลกรัมละ 100 บาท
191,ปลานางอ้าว,ปลาสะนาก,Raiamas guttatus,3.5   เซนติเมตร,13.5 เซนติเมตร,80 มิลลิกรัม,ตะไคร่น้ำ  พืชน้ำ ,หาด ริมโขง,ช่วงพฤษภาคม-มิถุนายน,ไซ มองตาถี่  ต่อง,ขายรวมกับปลาขนาดเล็กชนิดอื่นกองละ 10 บาท มีประมาณ 20-30 ตัว
192,ปลาสะนากยักษ์,"ปลาสะนากหางดำ,สะนากหางไหม้",Aaptosyax grypus,2.5   เซนติเมตร,13  เซนติเมตร,,กุ้งฝอย ปู สัตว์น้ำเล็ก ๆ,หาด แก่ง,ตุลาคม-พฤษภาคม,มอง เบ็ด ต่อง, กิโลกรัมละ80-100  บาท
193,ปลาน้ำหมึก,ปลาน้ำหมึก,Opsarius koratensis,2.5   เซนติเมตร,13 เซนติเมตร,,กุ้งฝอย ปู สัตว์น้ำเล็ก ๆ แมลง,หาด แก่ง,ตุลาคม-พฤษภาคม,มอง เบ็ด ต่อง, กิโลกรัมละ80-100  บาท
194,ปลาซิว,ปลาซิวใหญ่,Rasbora myersi,2.4  เซนติเมตร,9 เซนติเมตร,30 มิลลิกรัม,แมลงเม่า ใบไม้เน่า แมลงขนาดเล็ก ปลาเล็ก กุ้งฝอย,ริมฝั่งโขง  หาดในเดือนมีนาคม - เมษายน และน้ำสาขา,พฤศจิกายน-ต้นเดือนพฤษภาคม,ไซ มองตาถี่  ตุ้ม ,ขายรวมกับปลาขนาดเล็กชนิดอื่นกองละ 10 บาท มีประมาณ 20-30 ตัว
195,ปลาซิวควาย,ปลาซิวควาย,Rasbora aurotaenia,1.5 เซนติเมตร,7 เซนติเมตร,,แมลงเม่า ใบไม้เน่า แมลงขนาดเล็ก ปลาเล็ก กุ้งฝอย,ริมฝั่งโขง  หาดในเดือนมีนาคม - เมษายน และน้ำสาขา,พฤศจิกายน-ต้นเดือนพฤษภาคม,ไซ มองตาถี่  ตุ้ม ,ขายรวมกับปลาขนาดเล็กชนิดอื่นกองละ 10 บาท มีประมาณ 20-30 ตัว
196,ปลาซิว,ปลาซิวข้าว,Rasbora sp.,1 เซนติเมตร,5 เซนติเมตร,,แมลงเม่า ใบไม้เน่า แมลงขนาดเล็ก พืชน้ำ,ริมฝั่งโขง  หาดในเดือนมีนาคม - เมษายน และน้ำสาขา,พฤศจิกายน-ต้นเดือนพฤษภาคม,ไซ มองตาถี่  ตุ้ม ,ขายรวมกับปลาขนาดเล็กชนิดอื่นกองละ 10 บาท มีประมาณ 20-30 ตัว
197,ปลาซิวควายแถบดำ,ปลาซิวควาย,Rasbora paviei,2 เซนติเมตร,7.5  เซนติเมตร,,ตะไคร่น้ำ  พืชน้ำ  ปลาเล็ก กุ้งฝอย,ริมฝั่งโขง  หาดในเดือนมีนาคม - เมษายน ,พฤศจิกายน-ต้นเดือนพฤษภาคม,ไซ มองตาถี่  ตุ้ม ,ขายรวมกับปลาขนาดเล็กชนิดอื่นกองละ 10 บาท มีประมาณ 20-30 ตัว
198,ปลาซิวหนวดยาว,ปลาซิวหนวดยาว,Esomus metallicus,1 เซนติเมตร,7  เซนติเมตร,,ตะไคร่น้ำ  พืชน้ำ  ปลาเล็ก กุ้งฝอย,ริมฝั่งโขง  หาดในเดือนมีนาคม - เมษายน ,พฤศจิกายน-ต้นเดือนพฤษภาคม,ไซ มองตาถี่  ตุ้ม ,ขายรวมกับปลาขนาดเล็กชนิดอื่นกองละ 10 บาท มีประมาณ 20-30 ตัว
199,ปลาซิวครีบแดง,ปลาซิวแดง,Rasbora rubrodorsalis,2 เซนติเมตร,9.5 เซนติเมตร,,ตะไคร่น้ำ  ,บุ่งช่วงฤดูแล้ง,ธันวาคม-เมษายน,ดางเขียงซ่อน,ขายรวมกับปลาบู่ลาย บู่แดง กิโลกรัมละ 100 บาท
200,ปลาซิวใบไผ่,ปลาซิวใบไผ่,Devario regina,2.5  เซนติเมตร,7.5 เซนติเมตร,,แมลงน้ำขนาดเล็ก,ริมฝั่งโขง  ริมหาดในช่วงฤดูแล้งเดือนมีนาคม - เมษายน  ห้วยสาขาของแม่น้ำโขง อยู่เป็นฝูง,พฤศจิกายน-ต้นเดือนพฤษภาคม,ไซ มองตาถี่  ตุ้ม ,ขายรวมกับปลาขนาดเล็กชนิดอื่นกองละ 10 บาท มีประมาณ 20-30 ตัว
201,ปลาแปบ,ปลาซิวหัวโต,Oxygaster anomalura,2.5  เซนติเมตร,9 เซนติเมตร,,ตะไคร่น้ำ  ,ริมโขง บุ่งช่วงฤดูแล้ง,ธันวาคม-เมษายน,ดางเขียงซ่อน ตุ้ม,ปัจจุบันไม่ค่อยพบแล้ว
202,ปลาซิวแก้ว,"ปลาดอกแก้ว,ปลาแก้ว",Clupeichthys aesarnensis,2.3  เซนติเมตร,9 เซนติเมตร,,พืชน้ำ  แมลงขนาดเล็ก,บริเวณน้ำไหล ริมโขง,พฤษภาคม-กรกฎาคม,สวิง,ขายรวมกับปลาชนิดอื่นกองละ 10 บาท 
203,ปลาเล็บมือนาง,"ปลาส่อ,ปลามัน",Crossocheilus sp.,1  เซนติเมตร,6  เซนติเมตร,,ตะไคร่น้ำ  พืชน้ำ ,บริเวณริมโขง แก่งและหาดในช่วงฤดูแล้ง เดือนมีนาคม-เมษายน อยู่เป็นฝูงใหญ่,พฤศจิกายน-ต้นเดือนพฤษภาคม,ไซ มองตาถี่  ตุ้ม ,ขายรวมกับปลาขนาดเล็กชนิดอื่นกองละ 10 บาท มีประมาณ 20-30 ตัว
204,ปลากะสูบขีด,ปลาสูดขีด,Hampala macrolepidota,1.5  เซนติเมตร,5.5  เซนติเมตร,ใหญ่สุดน้ำหนัก 2 กรัม,ตะไคร่น้ำ  ขี้ตม,บุ่ง,พฤษภาคม-มิิถุนายน,ดางเขียง มอง,ขายรวมกับปลาเกล็ดขนาดเล็กกองละ 10 บาท มีประมาณ 20-30 ตัว
205,ปลากะสูบจุด,"ปลาสูดจุด,สูดหางแดง",Hampala dispar,1.5  เซนติเมตร,5.5  เซนติเมตร,ใหญ่สุดน้ำหนัก 200 กรัม,ตะไคร่น้ำ  ขี้ตม,บุ่ง,ธันวาคม-เมษายน,ดางเขียง มอง,ขายรวมกับปลาบูู่ลาย บู่แดง กิโลกรัมละ 100 บาท
206,ปลาซิวควายข้างเงิน,ปลาซิวควายหางไหม้,Rasbora aurotaenia,2   เซนติเมตร,7 เซนติเมตร,,ตะไคร่น้ำ  พืชน้ำ แมลง,ริมฝั่งโขง  ริมหาดและแก่งในช่วงฤดูแล้งเดือนมีนาคม - เมษายน  อยู่เป็นฝูงใหญ่,พฤศจิกายน-ต้นเดือนพฤษภาคม,ไซ มองตาถี่  ต่อง  ตุ้ม,ขายรวมกับปลาขนาดเล็กชนิดอื่นกองละ 10 บาท มีประมาณ 20-30 ตัว
207,ปลาจาด,ปลาจาด,Poropuntius deauratus,3   เซนติเมตร,8.5 เซนติเมตร,,ตะไคร่น้ำ  พืชน้ำ ,คก วัง,ตุลาคม-พฤษภาคม,มอง เบ็ด, กิโลกรัมละ80-100  บาท
208,ปลาหนามหลัง,ปลาหนามหลัง,Mystacoleucus marginatus,4   เซนติเมตร,8.5 เซนติเมตร,,ตะไคร่น้ำ  พืชน้ำ ,คก วัง,ตุลาคม-พฤษภาคม,มอง เบ็ด, กิโลกรัมละ80-100  บาท
209,ปลาหนามหลัง,ปลาหมากมั่ง,Mystacoleucus marginatus,3  เซนติเมตร,8.5 เซนติเมตร,,ตะไคร่น้ำ  พืชน้ำ ,คก วัง,ตุลาคม-พฤษภาคม,มอง เบ็ด, กิโลกรัมละ80-100  บาท
210,ปลาจาด,ปลาจาด,Poropuntius deauratus,4  เซนติเมตร,8.5 เซนติเมตร,,ตะไคร่น้ำ  พืชน้ำ ,คก วัง,ตุลาคม-พฤษภาคม,มอง เบ็ด, กิโลกรัมละ80-100  บาท
211,ปลาหมากผาง,ปลาหมากผาง-1,Hilsa kelee,4.5 เซนติเมตร,13.5 เซนติเมตร,,แมลงขนาดเล็ก ปลวก,ริมฝั่งโขง น้ำสาขา และหาดในช่วงฤดูแล้ง,ตุลาคม-พฤษภาคม, มองตาถี่  , กิโลกรัมละ 100  บาท
212,ปลาหมากผาง,ปลาหมากผาง-2,Tenualosa thibaudeaui,5 เซนติเมตร,15 เซนติเมตร,,แมลงขนาดเล็ก ปลวก,ริมฝั่งโขง น้ำสาขา และหาดในช่วงฤดูแล้ง,ตุลาคม-พฤษภาคม, มองตาถี่  , กิโลกรัมละ 100  บาท
213,ปลาแปบ,ปลาแตบ-1,Paralaubuca riveroi,2เซนติเมตร,9 เซนติเมตร,,ตะไคร่น้ำ  แมลงขนาดเล็ก ไส้เดือน ,หาดในช่วงฤดูแล้งเดือนมีนาคม-เมษายน ริมฝั่งโขง,กุมภาพันธ์-พฤษภาคม ช่วงเดือนเมษายน มักพบอยู่รวมกันเป็นฝูง,ไซ มองตาถี่    ตุ้ม,ขายรวมกับปลาขนาดเล็กชนิดอื่นกองละ 10 บาท นำไปตากแห้งขายกิโลกรัมละ 100 บาท
214,ปลาแปบ,ปลาแตบขาว-1,Paralaubuca barroni,2.5 เซนติเมตร,8.5  เซนติเมตร,,ตะไคร่น้ำ  แมลงขนาดเล็ก ไส้เดือน ,หาดในช่วงฤดูแล้งเดือนมีนาคม-เมษายน ริมฝั่งโขง,กุมภาพันธ์-พฤษภาคม ช่วงเดือนเมษายน มักพบอยู่รวมกันเป็นฝูง,ไซ มองตาถี่    ตุ้ม,ขายรวมกับปลาขนาดเล็กชนิดอื่นกองละ 10 บาท นำไปตากแห้งขายกิโลกรัมละ 100 บาท
215,ปลาแปบ,ปลาแตบหางจุด-3,Paralaubuca riveroi,2  เซนติเมตร,8   เซนติเมตร,,ตะไคร่น้ำ  แมลงขนาดเล็ก ไส้เดือน ,หาดในช่วงฤดูแล้ง เดือนมีนาคม-เมษายน ริมฝั่งโขง,กุมภาพันธ์-พฤษภาคม ช่วงเดือนเมษายน มักพบอยู่รวมกันเป็นฝูง,ไซ มองตาถี่    ตุ้ม,ขายรวมกับปลาขนาดเล็กชนิดอื่นกองละ 10 บาท นำไปตากแห้งขายกิโลกรัมละ 100 บาท
216,ปลาแปบ,ปลาแตบ-4,Paralaubuca riveroi,2  เซนติเมตร,9   เซนติเมตร,,ตะไคร่น้ำ  แมลงขนาดเล็ก ไส้เดือน ,หาดในช่วงฤดูแล้ง เดือนมีนาคม-เมษายน ริมฝั่งโขง,กุมภาพันธ์-พฤษภาคม ช่วงเดือนเมษายน มักพบอยู่รวมกันเป็นฝูง,ไซ มองตาถี่    ตุ้ม,ขายรวมกับปลาขนาดเล็กชนิดอื่นกองละ 10 บาท นำไปตากแห้งขายกิโลกรัมละ 100 บาท
217,ปลาแปบควาย,ปลาแตบควาย-5,Paralaubuca harmandi,3.5  เซนติเมตร,12   เซนติเมตร,,ตะไคร่น้ำ  แมลงขนาดเล็ก ขี้ตม,บุ่ง หาดช่วงฤดูแล้ง,กุมภาพันธ์-เมษายน,มอง กะโหล่ ซ่อน,ขายรวมกันกับปลาชนิดอื่นกรัมละ 10 บาท และใช้ทำปลาร้า
218,ปลาแปบ,ปลาแตบบาง-6,Paralaubuca barroni,2.5  เซนติเมตร,8.5  เซนติเมตร,,ตะไคร่น้ำ  แมลงขนาดเล็ก ไส้เดือน ,หาดในช่วงฤดูแล้ง เดือนมีนาคม-เมษายน ริมฝั่งโขง,กุมภาพันธ์-พฤษภาคม ช่วงเดือนเมษายน มักพบอยู่รวมกันเป็นฝูง,ไซ มองตาถี่    ตุ้ม,ขายรวมกับปลาขนาดเล็กชนิดอื่นกอลละ 10 บาท นำไปตามแห้งขายกิโลกรัมละ 100 บาท
219,ปลาแปบควาย,ปลาแตบเหลือง-7,Paralaubuca harmandi,3  เซนติเมตร,9   เซนติเมตร,,ตะไคร่น้ำ  แมลงขนาดเล็ก ไส้เดือน ,หาดในช่วงฤดูแล้ง เดือนมีนาคม-เมษายน ริมฝั่งโขง,กุมภาพันธ์-พฤษภาคม ช่วงเดือนเมษายน มักพบอยู่รวมกันเป็นฝูง,ไซ มองตาถี่    ตุ้ม,ขายรวมกับปลาขนาดเล็กชนิดอื่นกอลละ 10 บาท นำไปตามแห้งขายกิโลกรัมละ 100 บาท
220,ปลาแปบบาง,ปลาแตบ-8,Parachela siamensis,2.5  เซนติเมตร,7 เซนติเมตร,,ตะไคร่น้ำ  แมลงขนาดเล็ก ไส้เดือน ,หาดในช่วงฤดูแล้ง เดือนมีนาคม-เมษายน ริมฝั่งโขง,กุมภาพันธ์-พฤษภาคม ช่วงเดือนเมษายน มักพบอยู่รวมกันเป็นฝูง,ไซ มองตาถี่    ตุ้ม,ขายรวมกันกับปลาชนิดอื่นกรัมละ 10 บาท นำไปตากแห้งขายกิโลกรัมละ 100 บาท
221,ปลาม้า,ปลากวง-1,Boesemania microlepis,8  เซนติเมตร,16  เซนติเมตร,,ตะไคร่น้ำ  พืชน้ำ,คก วัง,พฤษภาคม-มิถุนายน,ลอบ มอง,ปัจจุบันไม่ค่อยพบแล้ว หากได้ก็จะเก็บไว้ทำอาหาร
222,ปลาจวด,ปลากวง-2,Bahaba polykladiskos,9  เซนติเมตร,17  เซนติเมตร,,ตะไคร่น้ำ  พืชน้ำ,คก วัง,พฤษภาคม-มิถุนายน,ลอบ มอง,ปัจจุบันไม่ค่อยพบแล้ว หากได้ก็จะเก็บไว้ทำอาหาร
223,ปลากาแดง,ปลาดอกงิ้ว,Epalzeorhynchos frenatum,2  เซนติเมตร,9 เซนติเมตร,,ตะไคร่น้ำ  พืชน้ำ,หาด แก่ง,มีนาคม-เมษายน,แห ต่อง,กิโลกรัมละ 30-40 บาท
224,ปลากาแดง,"ปลาก่าแดง,ก่าขี้หมู",Epalzeorhynchos frenatum,3.5  เซนติเมตร,9.4  เซนติเมตร,,กุ้งฝอย ไส้เดือน  แมลงเม่า,ริมฝั่งโขง,มีนาคม-พฤษภาคม,ลอบ ตุ้ม,ไม่นิยมขาย หากได้มากทำปลาแดก หากขายก็จะขายกับปลาขนาดเล็ก กิโลกรัมละ 20-30 บาท
225,ปลากาแดง,ปลาขี้ก่าทอง,Epalzeorhynchos frenatum,2.3  เซนติเมตร,9.5  เซนติเมตร,,ตะไคร่น้ำ  พืชน้ำ,หาด แก่ง,มีนาคม-เมษายน,แห ต่อง,กิโลกรัมละ 30-40 บาท
226,ปลากาแดง,"ปลากะมัน,ดอกท้อย",Epalzeorhynchos frenatum,3   เซนติเมตร,12  เซนติเมตร,,ตะไคร่น้ำ  พืชน้ำ,หาด แก่ง,มีนาคม-เมษายน,แห ต่อง,กิโลกรัมละ 30-40 บาท
227,ปลากาแดง,ปลาขี้ก่า,Epalzeorhynchos frenatum,2.5   เซนติเมตร,10  เซนติเมตร,,ตะไคร่น้ำ  พืชน้ำ,หาด แก่ง,มีนาคม-เมษายน,แห ต่อง,กิโลกรัมละ 30-40 บาท
228,ปลาเสือตอลายใหญ่,ปลาเสือตอลายใหญ่,Datnioides pulcher,9  เซนติเมตร,13  เซนติเมตร,100 กรัม,ไส้เดือน กุ้งฝอย,ริมฝั่งโขง คก,พฤษภาคม-สิงหาคม,มอง ตุ้ม,ตัวละ 50-500 บาท เป็นปลาสวยงามและหายาก
229,ปลาเสือตอลายเล็ก,ปลาเสือตอลายเล็ก,Datnioides undecimradiatus,9  เซนติเมตร,12.5  เซนติเมตร,100 กรัม,ไส้เดือน กุ้งฝอย,ริมฝั่งโขง คก,พฤษภาคม-สิงหาคม,มอง ตุ้ม,ตัวละ 50-500 บาท เป็นปลาสวยงามและหายาก
230,ปลาเสือพ่นน้ำ,ปลาเสือพ่นน้ำ,Toxotes jaculatrix,10  เซนติเมตร,12.5  เซนติเมตร,101 กรัม,ไส้เดือน กุ้งฝอย,ริมฝั่งโขง คก,พฤษภาคม-สิงหาคม,มอง ตุ้ม,ตัวละ 50-500 บาท เป็นปลาสวยงามและหายาก
231,ปลากระดี่หม้อ,ปลากะดี่จุด,Trichogaster trichopterus,3  เซนติเมตร,7.3   เซนติเมตร,,ตะไคร่น้ำ กุ้งฝอย แมลงขนาดเล็ก ไส้เดือน,วัง ริมโขง,ตลอดทั้งปี,มอง กะโหล่ ,ไม่นิยมขาย ก้างเยอะ ใช้ทำปลาร้า
232,ปลาสลิด,"ปลากะดี่ทอง,สลิด",Trichogaster pectoralis,4  เซนติเมตร,9.5  เซนติเมตร,50 มิลลิกรัม,แมลงขนาดเล็ก กุ้งฝอย ตะไคร่น้ำ,บุ่ง ริมโขง,ตลอดทั้งปี,ตุ้ม ลอบ,ไม่นิยมขาย ใช้ทำปลาร้า
233,ปลาดุมชี,"ปลาก่าดำ,เขงดำ",Nandus oxyrhynchus,3.6  เซนติเมตร,9.5  เซนติเมตร,51 มิลลิกรัม,แมลงตัวเล็ก ๆ กุ้งฝอย,บุ่ง ริมโขง,ตลอดทั้งปี,ตุ้ม ลอบ,ไม่นิยมขาย ใช้ทำปลาร้า ปัจจุบันไม่ค่อยพบแล้ว
234,ปลาสลิด,ปลากะบี่ทอง,Trichogaster pectoralis,5  เซนติเมตร,10  เซนติเมตร,,ตะไคร่น้ำ กุ้งฝอย แมลงขนาดเล็ก ไส้เดือน,วัง ริมโขง,ตลอดทั้งปี,มอง กะโหล่,ไม่นิยมขาย ก้างเยอะ ใช้ทำปลาร้า
235,ปลากระดี่นาง,ปลากะดี่แตบ,Trichogaster microlepis,4 เซนติเมตร,9  เซนติเมตร,,ตะไคร่น้ำ กุ้งฝอย แมลงขนาดเล็ก ไส้เดือน,วัง ริมโขง,ตลอดทั้งปี,มอง กะโหล่,ไม่นิยมขาย ก้างเยอะ ใช้ทำปลาร้า
236,ปลานิล,ปลานิล,Oreochromis niloticus,4  เซนติเมตร,14  เซนติเมตร,0.5 - 1 กิโลกรัม,พืชน้ำ ตะไคร่น้ำ กุ้งฝอย,วัง คก,ตลอดทั้งปี,มอง เบ็ด ตุ้ม,กิโลกรัมละ 40-50 บาท
237,ปลาหมอช้างเหยียบ,ปลาก่านา,Pristolepis fasciatus,4  เซนติเมตร,7.5 เซนติเมตร,,พืชน้ำ ตะไคร่น้ำ กุ้งฝอย,ริมโขง คก,ตลอดทั้งปี,มอง เบ็ด ตุ้ม,ไม่นิยมขายใช้ทำปลาร้า
238,ปลาหมอช้างเหยียบ,ปลาก่า,Pristolepis fasciatus,3.5   เซนติเมตร,7  เซนติเมตร,,พืชน้ำ ตะไคร่น้ำ กุ้งฝอย,ริมโขง คก,ตลอดทั้งปี,มอง เบ็ด ตุ้ม,ไม่นิยมขายใช้ทำปลาร้า
239,ปลาหมอไทย,ปลาเขง,Anabas testudineus,2.5   เซนติเมตร,7.8  เซนติเมตร,,ไส้เดือน แมลง,ริมโขง น้ำสาขา,ตลอดทั้งปี,ตุ้ม ลอบ,ขายรวมกับปลาข่อ ปลาดุก กิโลกรัมละ 100 บาท และใช้ทำปลาร้า
240,ปลาหมอสี,ปลาเขงลาย,Flowerhorn,3   เซนติเมตร,6.3  เซนติเมตร,,ไส้เดือน แมลง,ริมโขง น้ำสาขา,ช่วงน้ำขึ้นเดือนพฤษภาคม,ตุ้ม สวิง,ไม่นิยมขาย หากจับได้จะนำมาเลี้ยงเป็นปลาสวยงาม เป็นปลาที่ถูกปล่อยลงน้ำโขง
241,ปลาการะเม็ด,"ปลาปากโมง,ปกป้อม,เขงลาย",Colossoma sp.,2.5  เซนติเมตร,5  เซนติเมตร,,ไส้เดือน แมลง,ริมโขง น้ำสาขา,ช่วงน้ำขึ้นเดือนพฤษภาคม,ตุ้ม สวิง,เป็นปลาที่ถูกปล่อยลงน้ำโขง ไม่นิยมขาย หากจับได้จะนำมาเลี้ยงเป็นปลาสวยงาม
242,ปลาแป้นแก้ว,"ปลาคับของ,คับโขง-1",Parambassis siamensis,2.5  เซนติเมตร,5  เซนติเมตร,,ตะไคร่น้ำ พืชน้ำ,ริมฝั่งโขง,ตลอดทั้งปี,ไซ ตุ้ม,ไม่นิยมกินและขาย เพราะเป็นปลาขนาดเล็ก
243,ปลาแป้นแก้วยักษ์,"ปลาคับของ,คับโขง-2",Parambassis wolffii,2.5  เซนติเมตร,6  เซนติเมตร,,ตะไคร่น้ำ พืชน้ำ,ริมฝั่งโขง,ตลอดทั้งปี,ไซ ตุ้ม,ไม่นิยมกินและขาย เพราะเป็นปลาขนาดเล็ก
244,ปลาแป้นแก้ว,ปลากะเดิด,Parambassis apogonoides,2.5  เซนติเมตร,5  เซนติเมตร,,ไส้เดือน แมลง,ริมฝั่งโขง น้ำสาขา,ช่วงน้ำขึ้นเดือนพฤษภาคม,ตุ้ม สวิง,ปัจจุบันไม่ค่อยพบแล้ว
245,ปลาเทวดา,"ปลาช้างเหยียบ,ปลานางฟ้า",Pterophyllum sp.,1.5 เซนติเมตร,2.5 เซนติเมตร,,ตะไคร่น้ำ พืชน้ำ,ริมฝั่งโขง,ตลอดทั้งปี,ไซ ตุ้ม,ไม่นิยมกินและขาย เพราะเป็นปลาขนาดเล็ก เป็นปลาที่ถูกปล่อยลงน้ำโขง
246,ปลาเทวดาหินอ่อน,"ปลาช้างเหยียบ,ปลาเทวดา",Pterophyllum scalare,1 เซนติเมตร,2 เซนติเมตร,,ตะไคร่น้ำ พืชน้ำ,ริมฝั่งโขง,ตลอดทั้งปี,ไซ ตุ้ม,ไม่นิยมกินและขาย เพราะเป็นปลาขนาดเล็ก เป็นปลาที่ถูกปล่อยลงน้ำโขง
247,ปลาแรด,ปลาเม่น,Osphronemus goramy,10  เซนติเมตร,14 เซนติเมตร,200 กรัม,ตะไคร่น้ำ สาหร่าย พืชน้ำ,ริมน้ำโขง ลำห้วยสาขา,ตลอดทั้งปี,ไซ ซ่อน สวิง,กิโลกรัมละ 50 บาท
248,ปลากัดภาคใต้,ปลากัด-1,Betta imbllis,1.5   เซนติเมตร,5 เซนติเมตร,,ตะไคร่น้ำ สาหร่าย พืชน้ำ,ริมโขง ลำห้วย ทุ่งนา,ตลอดทั้งปี, ซ่อน สวิง,เลี้ยงและขาย มีลักษณะสวยงาม ราคาตัวละ 5-10 บาท
249,ปลากัดเขียว,ปลากัด-2,Betta sp.,1.5   เซนติเมตร,4.5 เซนติเมตร,,ตะไคร่น้ำ สาหร่าย พืชน้ำ,ริมโขง ลำห้วย ทุ่งนา,ตลอดทั้งปี, ซ่อน สวิง,เลี้ยงและขาย มีลักษณะสวยงาม ราคาตัวละ 5-10 บาท
250,ปลากัดไทย,ปลากัด-3,Betta splendens,1.5   เซนติเมตร,5  เซนติเมตร,,ตะไคร่น้ำ สาหร่าย พืชน้ำ,ริมโขง ลำห้วย ทุ่งนา,ตลอดทั้งปี, ซ่อน สวิง,เลี้ยงและขาย มีลักษณะสวยงาม ราคาตัวละ 5-10 บาท
251,ปลากัดเขียว,ปลากัด-4,Betta smaragdina,1.5   เซนติเมตร,5  เซนติเมตร,,ตะไคร่น้ำ สาหร่าย พืชน้ำ,ริมโขง ลำห้วย ทุ่งนา,ตลอดทั้งปี, ซ่อน สวิง,เลี้ยงและขาย มีลักษณะสวยงาม ราคาตัวละ 5-10 บาท
252,ปลากัด,"ปลากัดนา,กัดห้วย",Betta sp.,1.3   เซนติเมตร,6  เซนติเมตร,,ตะไคร่น้ำ สาหร่าย พืชน้ำ,ริมโขง ลำห้วย ทุ่งนา,ตลอดทั้งปี, ซ่อน สวิง,เลี้ยงและขาย มีลักษณะสวยงาม ราคาตัวละ 5-10 บาท
253,ปลาหมอแคระ,ปลาหมัด,Badis ruber,2   เซนติเมตร,7  เซนติเมตร,,ตะไคร่น้ำ สาหร่าย ลูกยุ่ง ไข่แมงมุม,บุ่งช่วงหน้าแล้ง ริมฝั่งน้ำโขง กลางทุ่งนา,ตลอดทั้งปี, ซ่อน สวิง,เลี้ยงและขาย มีลักษณะสวยงาม ราคาตัวละ 5-10 บาท
254,ปลาบู่ปากกว้าง,"ปลาบู่แคะ,บู่แดง,พั้นบู่",Eugnathogobius siamensis,1.5  เซนติเมตร,6 เซนติเมตร,,ตะไคร่น้ำ สาหร่าย ,บุ่งช่วงหน้าแล้ง ,ธันวาคม-เมษายน,ดางเขียวซ่อน,ขายรวมกับปลาขนาดเล็กชนิดอื่นที่อาศัยอยู่ในบุ่งด้วยกันในราคากิโลกรัมละ 100 บาท
255,ปลาบู่ลาย,ปลาบู่ลาย,Ophiocara poracephala,2  เซนติเมตร,8  เซนติเมตร,,ตะไคร่น้ำ สาหร่าย ,บุ่งช่วงหน้าแล้ง ,ธันวาคม-เมษายน,ดางเขียวซ่อน,ขายรวมกับปลาขนาดเล็กชนิดอื่นที่อาศัยอยู่ในบุ่งด้วยกันในราคากิโลกรัมละ 100 บาท
256,ปลาบู่จาก,ปลาพั้นทราย,Glossogobius giuris,1.5   เซนติเมตร,6  เซนติเมตร,,ตะไคร่น้ำ สาหร่าย ,บุ่งช่วงหน้าแล้ง ,ธันวาคม-เมษายน,ดางเขียวซ่อน,ขายรวมกับปลาขนาดเล็กชนิดอื่นที่อาศัยอยู่ในบุ่งด้วยกันในราคากิโลกรัมละ 100 บาท
257,ปลาบู่,ปลาพั้นทรายหางดอก,Glossogobius sp.,1   เซนติเมตร,6   เซนติเมตร,,ตะไคร่น้ำ สาหร่าย ,บุ่งช่วงหน้าแล้ง ,ธันวาคม-เมษายน,ดางเขียวซ่อน,ขายรวมกับปลาขนาดเล็กชนิดอื่นที่อาศัยอยู่ในบุ่งด้วยกันในราคากิโลกรัมละ 100 บาท
258,ปลาบู่ทราย,ปลาบู่ทอง,Oxyeleotris marmorata,5   เซนติเมตร,10.5  เซนติเมตร,,กุ้งฝอย แมลงขนาดเล็ก,ริมฝั่งโขงบริเวณน้ำนิ่ง คก น้ำสาขา,ตลอดทั้งปี,มอง เบ็ด ไซ ตุ้ม,กิโลกรัมละ 100 บาท
259,ปลามูด,ปลามันมูด,Gyrinocheilus pennocki,3   เซนติเมตร,11  เซนติเมตร,50 มิลลิกรัม - 1 กิโลกรัม,ไส้เดือน แมลงขนาดเล็ก,บุ่ง คก,ช่วงน้ำลด ตั้งแต่เดือนมกราคม-เมษายน,มอง,กิโลกรมละ 100-120 บาท
260,ปลามูด,ปลาควยข้า,Gyrinocheilus pennocki,4   เซนติเมตร,11 เซนติเมตร,51 มิลลิกรัม - 1 กิโลกรัม,ไส้เดือน แมลงขนาดเล็ก,บุ่ง คก,ช่วงน้ำลด ตั้งแต่เดือนมกราคม-เมษายน,มอง,กิโลกรมละ 100-120 บาท
261,ปลาซ่อน,ปลาอีจน,Channa striata,5   เซนติเมตร,15 เซนติเมตร,80 มิลลิกรัม ,แมลง สัตว์น้ำขนาดเล็ก และกินลูกเป็นอาหาร,คก วัง บุ่ง,ตลอดทั้งปี,มอง ลอบ จั่น เบ็ด,ปัจจุบันไม่ค่อยพบแล้ว หากได้ก็จะเก็บไว้เป็นอาหาร
262,ปลาก้าง,ปลาข่อกั้ง,Channa limbata,3  เซนติเมตร,14 เซนติเมตร,,แมลง ไส้เดือน กุ้งฝอย,บุ่ง ริมโขง ห้วยสาขา ทุ่งนา,ธันวาคม-มิถุนายน,มอง ดางตาถี่,กิโลกรัมละ 80-100 บาท
263,ปลาก้าง,ปลาข่อกั้งหางแดง,Channa limbata,4  เซนติเมตร,15 เซนติเมตร,,แมลง ไส้เดือน กุ้งฝอย,บุ่ง ริมโขง ห้วยสาขา ทุ่งนา,ธันวาคม-มิถุนายน,มอง ดางตาถี่,กิโลกรัมละ 80-100 บาท
264,ปลาซ่อน,ปลาข่อ,Channa striata,2.5  เซนติเมตร,16 เซนติเมตร,1  กรัม - 3 กิโลกรัม,ลูกปลา ไส้เดือน แมลงขนาดเล็ก กุ้งฝอย,ริมฝั่งโขง คก น้ำสาขา,ตลอดทั้งปี,มอง เบ็ด ตุ้ม,กิโลกรัมละ 60-100 บาท หากตัวมีขนาดเล็ก ขายรวมกับปลาดุก ปลากะเดิด ขีดละ 10 บาท
265,ปลาชโด ,ปลาโด,Channa micropeltes,9 เซนติเมตร,20 เซนติเมตร,900  กรัม ,แมลง สัตว์น้ำขนาดเล็ก และกินลูกเป็นอาหาร,คก วัง บุ่ง,พฤษภาคม-มิถุนายน,มอง ลอบ จั่น เบ็ด,ปัจจุบันไม่ค่อยพบแล้ว หากได้ก็จะเก็บไว้เป็นอาหาร
266,ปลากดเกราะ,"ปลาอีดูด,ดูดฝุ่น",Hypostomus plecostomus,3  เซนติเมตร,12เซนติเมตร,,ตะไคร่น้ำ สาหร่าย,คก วัง บุ่ง,พฤษภาคม-มิถุนายน,มอง ลอบ จั่น เบ็ด,ไม่นิยมกินกัน เลี้ยงไว้ในหม้อน้ำให้กินตะไคร่น้ำ
267,ปลาสลาด,"ปลาตองแหล่,ตองนา",Notopterus notopterus,10  เซนติเมตร,22 เซนติเมตร,1-10 กิโลกรัม,แมลง ลูกปลา กุ้งฝอย,คก วัง หาด บริเวณน้ำไหล,พฤษภาคม-สิงหาคม,เบ็ด มอง,กิโลกรัมละ 70-100 บาท
268,ปลาสลาด,"ปลาตองขาว,ตองแอะ",Notopterus notopterus,11  เซนติเมตร,24  เซนติเมตร,1-10 กิโลกรัม,แมลง ลูกปลา กุ้งฝอย,คก วัง หาด บริเวณน้ำไหล,พฤษภาคม-สิงหาคม,เบ็ด มอง,กิโลกรัมละ 70-100 บาท
269,ปลากราย,"ปลาตองดาว,ตองกาย",Chitala ornata,19  เซนติเมตร,34.5 เซนติเมตร,1.8 กิโลกรัม,แมลง ลูกปลา กุ้งฝอย,คก วัง หาด บริเวณน้ำไหล,พฤษภาคม-สิงหาคม,เบ็ด มอง,กิโลกรัมละ 70-100 บาท
270,ปลาตองลาย,ปลาตองลาย,Chitala blanci,15.5 เซนติเมตร,49.5 เซนติเมตร,2.2  กิโลกรัม,แมลง ลูกปลา กุ้งฝอย,คก วัง หาด บริเวณน้ำไหล,พฤษภาคม-สิงหาคม,เบ็ด มอง,กิโลกรัมละ 70-100 บาท
271,ปลาใบไม้,"ปลาอีแปะ,ปลาลิ้นหมา",Brachirus harmandi,6  เซนติเมตร,9.5  เซนติเมตร,,ตะไคร่น้ำ กุ้งฝอย แมลงขนาดเล็ก ,ริมฝั่งโขง,ตลอดทั้งปี,มองตาถี่ กะโหล่,ส่วนมากจะพบติดมองขึ้นมา ก้างเยอะ ไม่นิยมกิน หากเจอติดมองแล้วไม่ตายก็จะปล่อยลงน้ำไป